"Abingdon.RD","Alcester.RD","Alnwick.RD","Alston.with.Garrigill.RD","Alton.RD","Amersham.RD","Amesbury.RD","Ampthill.RD","Andover.RD","Ashbourne.RD","Ashby.de.la.Zouch.RD","Atcham.RD","Axbridge.RD","Axminster.RD","Aylesbury.RD","Aysgarth.RD","Bagshot.RD","Bakewell.RD","Banbury.RD","Barnack.RD","Barnard.Castle.RD","Barnstaple.RD","Barrow.upon.Soar.RD","Basford.RD","Basingstoke.RD","Bathavon.RD","Battle.RD","Beaminster.RD","Bedale.RD","Bedford.RD","Belford.RD","Bellingham.RD","Belper.RD","Berkhamstead.RD","Beverley.RD","Bideford.RD","Biggleswade.RD","Billesdon.RD","Bingham.RD","Blaby.RD","Blackburn.RD","Blackwell.RD","Blandford.RD","Blofield.and.Flegg.RD","Blyth.RD","Border.RD","Boston.RD","Bowland.RD","Brackley.RD","Bradfield.RD","Bradford.and.Melksham.RD","Braintree.RD","Braughing.RD","Bridge.Blean.RD","Bridgnorth.RD","Bridgwater.RD","Bridlington.RD","Bridport.RD","Brixworth.RD","Broadwoodwidger.RD","Bromsgrove.RD","Bromyard.RD","Buckingham.RD","Bucklow.RD","Bullingdon.RD","Burnley.RD","Caistor.RD","Calne.and.Chippenham.RD","Camelford.RD","Cannock.RD","Castle.Donington.RD","Castle.Ward.RD","Chailey.RD","Chanctonbury.RD","Chapel.en.le.Firth.RD","Chard.RD","Cheadle.RD","Chelmsford.RD","Cheltenham.RD","Chester.le.Street.RD","Chester.RD","Chesterfield.RD","Chesterton.RD","Chichester.RD","Chipping.Norton.RD","Chorley.RD","Cirencester.RD","Clare.RD","Clitheroe.RD","Clowne.RD","Clun.RD","Clutton.RD","Cockermouth.RD","Congleton.RD","Cookham.RD","Cosford.RD","Cranbrook.RD","Crediton.RD","Crickdale.and.Wootton.Bassett.RD","Croft.RD","Cuckfield.RD","Darlington.RD","Dartford.RD","Daventry.RD","Deben.RD","Depwade.RD","Derwent.RD","Devizes.RD","Disley.RD","Docking.RD","Doncaster.RD","Dorcheser.RD","Dore.and.Bredwardine.RD","Dorking.and.Horley.RD","Dover.RD","Downham.RD","Drayton.RD","Driffield.RD","Droitwich.RD","Droxford.RD","Dulverton.RD","Dunmow.RD","Durham.RD","Dursley.RD","E.Ashford.RD","E.Dean.RD","E.Kesteven.RD","E.Retford.RD","Easington.RD","Easingwold.RD","East.Elloe.RD","Easthampstead.RD","Eastry.RD","Elham.RD","Ellesmere","Ellesmere.RD","Elstree.RD","Ely.RD","Ennerdale.RD","Epping.and.Ongar.RD","Erpingham.RD","Eton.RD","Evesham.RD","Faringdon.RD","Flaxton.RD","Forehoe.and.Henstead.RD","Freebridge.Lynn.RD","Frome.RD","Fylde.RD","Gainsborough.RD","Garstang.RD","Gipping.RD","Glanford.Brigg.RD","Glendale.RD","Gloucester.RD","Godstone.RD","Goole.RD","Grimsby.RD","Guildford.RD","Hailsham.RD","Halstead.RD","Haltwhistle.RD","Hambleton.RD","Hartismere.RD","Hartley.Wintney.RD","Hatfield.RD","Helmsley.RD","Hemel.Hampstead.RD","Hemsworth.RD","Henley.RD","Hepton.RD","Hereford.RD","Hertford.RD","Hexham.RD","Highworth.RD","Hitchin.RD","Holderness.RD","Hollingbourn.RD","Honiton.RD","Horncastle.RD","Horsham.RD","Howden.RD","Hungerford.RD","Huntingdon.RD","Isle.of.Axholme.RD","Isle.of.Wight.RD","Kerrier.RD","Kettering.RD","Ketton.RD","Kidderminster.RD","Kingsbridge.RD","Kingsclere.and.Whitchurch.RD","Kington.RD","Kirkbymoorside.RD","Kiverton.Park.RD","Lancaster.RD","Lanchester.RD","Langport.RD","Launceston.RD","Ledbury.RD","Leek.RD","Leominster.and.Wigmore.RD","Lexden.and.Winstree.RD","Leyburn.RD","Lichfield.RD","Liskeard.RD","Loddon.RD","Long.Ashton.RD","Lothingland.RD","Louth.RD","Ludlow.RD","Lunesdale.RD","Luton.RD","Lutterworth.RD","Lydney.RD","M.Westmorland.RD","Macclesfield.RD","Maidstone.RD","Maldon.RD","Malling.RD","Malmsbury.RD","Malton.RD","Market.Borough.RD","Market.Harborough.RD","Marlborough.and.Ramsbury.RD","Marshland.RD","Martley.RD","Masham.RD","Melford.RD","Melton.and.Belvoir.RD","Mere.and.Tisbury.RD","Meriden.RD","Midhurst.RD","Mildenhall.RD","Millom.RD","Mitford.and.Launditch.RD","Morpeth.RD","N.Cotswold.RD","N.Kesteven.RD","N.Witchford.RD","Nantwich.RD","New.Forest.RD","Newark.RD","Newbury.RD","Newcastle.under.Lyme.RD","Newent.RD","Newmarket.RD","Newport.Pagnell.RD","Newton.Abbot.RD","Nidderdale.RD","Norham.and.Islandshires.RD","Norman.Cross.RD","Northallerton.RD","Northampton.RD","Northleach.RD","Northwich.RD","Norton.RD","Oakham.RD","Okehampton.RD","Osgoldcross.RD","Oswestry.RD","Oundle.and.Thrapston.RD","Penrith.RD","Pensitone.RD","Pershore.RD","Peterborough.RD","Petersfield.RD","Petworth.RD","Pewsey.RD","Pickering.RD","Ploughley.RD","Plympton.St.Mary.RD","Pocklington.RD","Preston.RD","Reeth.RD","Repton.RD","Richmond.RD","Ringwood.and.Fordingbridge.RD","Ripon.and.Pateley.Bridge.RD","Rochford.RD","Romney.Marsh.RD","Romsey.and.Stockbridge.RD","Ross.and.Whitchurch.RD","Rothbury.RD","Rotherham.RD","Rugby.RD","Runcorn.RD","S.Cambridgeshire.RD","S.Kesteven.RD","S.Molton.RD","S.Westmorland.RD","Saffron.Walden.RD","Salisbury.and.Wilton.RD","Samford.RD","Scarborough.RD","Sedbergh.RD","Sedgefield.RD","Seisdon.RD","Selby.RD","Settle.RD","Sevenoaks.RD","Shaftesbury.RD","Sheppey.RD","Shepton.Mallet.RD","Sherborne.RD","Shifnal.RD","Shipston.on.Stour.RD","Skipton.RD","Smallburgh.RD","Sodbury.RD","Southam.RD","Southwell.RD","Spalding.RD","Spilsby.RD","St.Albans.RD","St.Austell.RD","St.Faiths.and.Aylsham.RD","St.Germans.RD","St.Ives.RD","St.Neots.RD","St.Thomas.RD","Stafford.RD","Startforth.RD","Stockton.RD","Stokesley.RD","Stone.RD","Stratford.upon.Avon.RD","Stratton.RD","Strood.RD","Stroud.RD","Sturminster.RD","Sunbury.on.Thames","Sunderland.RD","Swaffham.RD","Swale.RD","Tadcaster.RD","Tarvin.RD","Taunton.RD","Tavistock.RD","Tenbury.RD","Tendring.RD","Tenterden.RD","Tetbury.RD","Thedwastre.RD","Thingoe.RD","Thirsk.RD","Thornbury.RD","Thorne.RD","Thorney.RD","Tintwistle.RD","Tiverton.RD","Tonbridge.RD","Torrington.RD","Totnes.RD","Towcester.RD","Truro.RD","Tutbury.RD","Uckfield.RD","Uppingham.RD","Upton.upon.Severn.RD","Uttoxeter.RD","W.Ashford.RD","W.Dean.RD","W.Kesteven.RD","W.Lancashire.RD","Wadebridge.RD","Wainford.RD","Wakefield.RD","Wallingford.RD","Walsingham.RD","Wantage.RD","Ware.RD","Wareham.and.Purbeck.RD","Warminster.and.Westbury.RD","Warmley.RD","Warrington.RD","Warwick.RD","Watford.RD","Wath.RD","Wayland.RD","Weardale.RD","Wellingborough.RD","Wellington.RD","Wellington.RD","Wells.RD","Welton.RD","Welwyn.RD","Wem.RD","Weobley.RD","West.Penwith.RD","Wetherby.RD","Wharfedale.RD","Whiston.RD","Whitby.RD","Wigan.RD","Wigton.RD","Williton.RD","Wimborne.and.Cranborne.RD","Wincanton.RD","Winchester.RD","Windsor.RD","Wing.RD","Winslow.RD","Wisbech.RD","Witney.RD","Wokingham.RD","Worksop.RD","Worthing.RD","Wortley.RD","Wycombe.RD","Yeovil.RD","Aberaeron.RD","Abergavenny.RD","Aberystwyth.RD","Aethwy.RD","Aled.RD","Brecknock.RD","Builth.RD","Cardiff.RD","Carmarthen.RD","Ceiriog.RD","Cemaes.RD","Chepstow.RD","Cowbridge.RD","Crickhowell.RD","Deudraeth.RD","Dolgellau.RD","Edeyrnion.RD","Forden.RD","Gower.RD","Gwyrfai.RD","Haverfordwest.RD","Hawarden.RD","Hay.RD","Hiraethog.RD","Holywell.RD","Knighton.RD","Llandeilo.RD","Llanelli.RD","Llanfyllin.RD","Llantrisant.and.Llantwit.Fardre.RD","Lleyn.RD","Machynlleth.RD","Maelor.RD","Magor.and.St.Mellons.RD","Monmouth.RD","Nant.Conway.RD","Narberth.RD","Neath.RD","New.Radnor.RD","Newcastle.Emlyn.RD","Newtown.and.Llanidloes.RD","Ogwen.RD","Pembroke.RD","Penllyn.RD","Penybont.RD","Pontardawe.RD","Pontypool.RD","Rhayader.RD","Ruthin.RD","St.Asaph.RD","Teifiside.RD","Tregaron.RD","Twrcelyn.RD","Valley.RD","Vaynor.and.Penderyn.RD","Wrexham.RD","Ystradgynlais.RD"
19860,12220,11330,2370,18520,39390,13340,20220,11070,10930,12930,20230,24980,10840,24900,3523,12650,18970,13560,2000,16100,23760,41030,43838,14550,22320,24990,7646,6494,25560,4972,4824,26580,5940,17590,5508,21900,6786,16420,35520,12240,41420,7596,27150,17970,27250,18980,4868,9510,19300,10090,17580,10240,17730,13050,19410,7952,7073,16060,2112,24100,7294,8284,9790,27100,16400,12100,27650,7830,21900,8114,12550,16630,17400,18060,12600,31170,33650,20770,38780,18440,70150,33600,33290,14830,24580,12880,8281,8695,17590,9471,17400,18170,11940,13960,9467,13290,10260,13870,2028,26290,9216,31210,16000,23090,18400,12170,13030,2865,15850,48760,15020,7401,22610,6507,20220,7760,9629,12530,19450,4751,18060,31220,16480,8490,20130,16040,20060,76090,9323,21130,21240,18370,7256,1910,7196,10760,13156,26510,29230,16270,39400,15270,10620,17640,20950,10000,10220,10020,10460,11450,17770,29650,7428,32210,27420,8680,10690,37880,32020,15810,7089,30410,17260,15720,20150,5038,10320,44790,19300,3747,16080,7740,20600,20480,21270,17790,13330,7070,10880,23680,11410,9330,7071,12430,14110,19650,10850,2795,9840,9605,17060,5054,4645,15310,10420,13870,12720,6683,8629,14920,10440,19640,6124,32760,14530,11790,22810,13460,15570,13920,6746,17590,11050,10210,16420,18220,16490,13070,30060,9246,5688,23290,9110,9844,15640,11640,1901,12200,16230,11260,33870,16330,13370,12180,17180,15740,17294,22160,4765,27340,38720,10190,14030,16190,7832,19330,13920,24060,12440,4335,7995,7081,17760,7784,28730,7199,6209,12890,7092,16610,17380,11380,6252,14550,6710,18690,8510,13760,5249,14780,30030,13850,35990,2108,27140,12390,19520,11560,14800,2558,22360,11950,5959,41550,17290,31740,22270,14020,9289,17220,16890,16790,12260,6908,4186,34650,19750,6013,13650,27920,9156,7217,10730,5473,9513,7900,22390,15440,33700,11350,36060,17430,21520,25980,18960,34120,15700,10780,7244,29090,14940,4205,6954,15970,17690,16350,5120,16290,25420,8416,19740,22150,7440,16780,22610,14110,18280,15690,5520,20520,6074,5760,8342,16960,11790,22990,29520,2773,1145,20560,19340,7321,13900,13680,25450,13170,37200,5666,12920,9580,7978,18140,15930,39010,14440,6110,17820,14110,17410,11570,10190,14520,12490,9170,21910,19120,20650,1805,17640,9330,12110,19930,8187,9992,13000,5050,10470,6422,17320,20120,5512,32280,10790,7636,22020,12560,18640,16990,35390,11260,7591,7245,11746,18240,33470,14860,22520,31300,36330,18920,9323,8198,11360,10320,6742,6980,3869,35070,28480,7001,9098,9573,12440,6525,7005,7889,4071,4919,11000,24850,20980,29760,3535,5147,20920,3451,25780,34090,10470,23450,17280,3283,4599,11890,6212,6708,9983,39540,2385,8350,9808,4732,5419,3275,31370,32250,6457,4469,10190,7471,10470,5477,8450,11020,5071,59870,11200
17760,12140,11270,2210,17660,38170,13320,19500,10820,10770,13110,19440,23990,10490,24090,3423,12660,18570,13200,1993,16000,21260,40650,44020,14680,19770,25300,7519,6433,25020,4703,4550,26530,5684,16450,5199,20820,6747,16150,35180,11900,41620,7140,27380,17840,26940,19050,4696,9100,18010,9730,16680,9037,16020,12430,18770,7914,6843,15530,1974,23890,7382,7833,9838,24840,15580,11980,24140,7350,22040,8000,12880,17320,17510,17870,11690,30890,33520,19990,39190,17510,70400,33240,34390,14320,24420,12160,8036,8582,17570,9135,16790,17780,11500,12270,9014,12970,9820,13140,1988,25600,8910,32130,15300,22570,17450,11920,12580,2759,15630,49200,15000,7361,21480,7145,19990,7572,9149,12070,18270,4510,17760,30840,16030,8187,19950,15520,19820,76990,9225,21350,20460,18440,7356,1917,6893,10660,12920,25960,28130,16380,38150,15240,10270,15320,20500,9915,10440,9782,10100,11360,17450,29200,7361,31480,27650,8084,10790,36850,32430,15440,6905,29480,16440,15660,20030,4975,9668,44990,18410,3605,13340,7398,19350,20140,20470,17360,14200,6940,11050,22890,11030,9270,7020,12460,14180,18360,10690,2731,9441,10280,16340,4655,4362,15580,10480,14000,12290,6387,8334,14920,9844,19720,6019,32710,13790,11590,22430,13270,15960,13330,6346,17250,10810,10030,15920,18460,16370,12700,30310,8807,5514,23210,8713,9563,15670,11430,1898,11790,16170,10840,33110,15520,12980,11860,17090,15550,16830,21840,4707,25040,37510,9928,13490,15980,7685,18800,12990,22940,13040,4225,6990,7620,17350,7502,28460,6987,5872,12420,7026,16780,16940,11200,6506,14160,6327,17620,8430,13440,5275,14270,29560,13280,35570,2032,26830,11960,19350,11200,15240,2801,21410,11650,5413,41820,16920,31710,21900,14140,8724,16350,16400,15930,12200,6670,3888,34840,19640,5581,13300,28280,8430,7599,10130,5114,9440,7660,21760,15270,33570,10980,36080,18030,21520,23810,18660,33520,15110,10270,6830,28340,14690,4050,7020,15910,16790,16200,5102,16500,25060,8284,19760,22310,7265,16600,22510,14010,17740,14700,5359,20780,6071,5641,8150,15930,11570,22790,29310,2213,1163,19730,18770,7160,13490,13500,24520,13080,36830,5317,12690,9400,8051,17850,15210,38190,13640,6370,17100,13620,17220,10860,9711,14260,11850,9072,21800,17850,20370,1936,16770,8830,11590,19450,7627,9823,12520,4792,10480,6194,17010,19460,5284,32440,11120,7160,21660,11770,18590,16300,35410,10800,7160,7187,11840,17900,32600,15360,24260,31530,35150,18230,9237,7445,9847,10170,6657,7057,3753,34660,28160,6834,8697,9233,12270,6500,6747,7577,4030,4788,10670,23790,20260,29700,3390,5233,20550,3375,25250,33800,10420,22950,16880,3224,4536,11130,6195,5973,9757,39560,2306,8230,9678,4557,5226,3165,30520,32520,6347,4257,9746,7254,10070,5266,8230,10720,5100,59730,11120
19440,12450,11700,2290,18350,38720,13430,19790,11490,10990,13670,20000,24100,10740,23860,3513,13220,18810,13370,2112,16430,21090,42530,45868,15360,20270,27440,7682,6682,25660,4884,4767,27190,5626,18000,5010,20500,7018,16430,36460,12450,42550,7350,28870,18220,27490,20170,4883,8980,18420,9724,17170,9172,17510,12690,18710,8855,7138,15600,1961,24640,7084,7641,10290,24540,16290,12220,23900,7307,23040,8033,12880,18410,18800,18600,11570,31420,35190,18910,40720,18310,72550,33840,37430,14270,25430,12230,8215,8705,17980,9244,16880,18200,11690,12210,9065,13350,9757,12050,2094,26610,9382,34700,15310,23910,16870,12290,12120,2888,15930,51980,15700,7441,22460,8320,19840,7822,9689,12200,18490,4328,17810,32110,16220,8722,20220,16100,20040,79600,10370,22100,20690,19590,8217,1927,6928,11140,13160,26690,30150,17030,39020,15480,10380,16170,21360,10430,10190,10490,10350,11730,18010,30320,7606,31550,29650,8476,11510,37820,34660,15940,7143,30250,16550,16250,21420,4977,9849,46280,18130,3781,13710,7652,19910,19630,20710,18010,15290,6825,11410,23660,11010,9000,7073,12890,15440,18210,10960,2802,9710,10920,16230,4685,4364,16220,10980,14490,12280,6352,8541,15560,9989,20850,6127,33790,13860,11860,23170,14080,16570,13600,6655,17630,10940,10220,15940,19330,17630,13400,32160,8786,5701,24110,8809,9570,16090,11480,1776,11820,16530,10880,33770,15720,12690,11760,17250,15960,17100,22170,4737,25370,39130,10190,13400,16240,7827,19350,12890,23340,13130,4442,7181,8018,17600,7330,29640,7226,5971,12320,7467,17090,17140,11490,6700,14350,6498,17640,8700,13520,5328,14190,31290,13430,36560,2041,27480,12230,20440,11370,16830,3421,22330,11790,5615,43440,17150,32760,22280,14350,8565,16900,15970,16060,12720,7320,3860,35210,20170,5755,13580,30560,8443,8236,10060,5220,9466,7800,22380,15900,35620,11030,36920,18800,22580,24260,19170,35180,15470,10250,6726,28740,14940,4161,7456,16480,16190,16680,4950,17830,25190,8437,21000,23430,7360,17640,24060,14480,17820,14810,5440,22210,6494,5793,8180,16120,11930,23500,29520,2273,1202,19980,19870,7112,13420,13490,25480,13740,39270,5347,12870,9710,8570,17990,15540,40230,13240,6580,17900,13750,17150,11490,9911,14880,11910,10140,22890,17800,21360,1998,16980,8952,12530,20030,7663,9889,12930,4890,10150,6110,17140,18820,5428,35040,11790,7510,22260,12450,19550,16410,36510,10650,7148,7011,12150,18150,32820,15890,26590,32410,35050,18290,9168,7592,9816,10240,6636,7074,3661,35770,28230,6901,8742,9365,12750,6595,6706,7471,4090,4905,10830,24030,20060,31050,3269,5181,21270,3171,25200,34710,10490,23610,16890,3274,4580,11692,6272,5907,9742,40090,2261,8220,9711,4723,5116,3107,33460,33160,5569,4226,9882,7430,10050,5346,8360,10810,5161,61230,11230
22180,12770,11820,2230,19790,39960,13630,21200,11880,11290,13530,19440,24740,10860,23500,3591,13500,18920,14230,2259,16980,21490,44000,47050,15640,20720,28610,7873,6820,26320,4990,5037,27280,5477,18080,5110,21900,7143,17700,37280,12650,42420,8417,30950,18940,27800,18550,4950,9247,18380,9930,18000,10060,18750,12920,19190,8480,7376,17640,2005,26150,7173,7921,10010,28000,16230,12130,26040,7370,23220,8387,13870,19040,19190,18680,11710,31490,37190,19920,40600,19260,73960,34500,39220,14810,26020,12680,8207,8470,18240,9568,16820,18740,12460,12840,9290,14020,9616,12680,2550,27790,9630,35400,15320,23870,17440,12290,13270,2910,16320,52170,15790,7850,23810,8923,20090,8952,9820,12550,19000,4360,16980,33030,16360,9419,20210,16940,20240,80230,10340,22350,21390,19880,8561,1972,6878,12250,13630,27200,31180,17560,40620,15530,10890,19550,22050,10150,9930,11790,10630,12350,18530,31750,7507,32660,30200,9000,11510,39700,35200,16290,7306,30480,16970,17870,21610,5422,10410,47510,18640,3803,14230,8000,20580,20010,20840,18020,14790,6844,11350,25270,11610,8990,7274,13210,16650,19400,10580,2841,10190,10990,16130,4779,4698,16750,10440,15090,12590,6433,8864,16170,10160,20980,6390,33500,13820,12150,23810,13710,16340,13310,6370,18160,11330,10510,16450,18400,17340,13930,33120,8970,6078,24650,10870,9757,16180,11090,1688,12150,17200,11100,34960,16150,13450,12240,16860,17120,17720,24020,4860,24480,39800,11060,13980,16730,7991,19810,13080,23960,12210,4540,7840,7806,17870,7981,29920,6976,6736,12090,7580,17090,17110,11300,6706,14710,6435,17570,9160,13960,5262,15570,31410,14540,37150,2101,29370,13110,21080,11160,18080,3693,22850,11600,5560,44470,17710,33620,23970,14310,8809,17920,16690,16610,13600,7489,3940,35330,20730,5810,14130,30900,8798,8466,10570,5896,9850,7950,23300,16560,37070,11440,37390,18310,23790,27750,19590,35230,15590,10660,6743,30040,14650,3995,7130,16800,17280,17080,4913,19030,25880,8247,21510,24190,7727,18660,24500,14240,18010,14980,5580,23010,6708,6228,8253,16220,12250,25220,29820,2368,1187,20010,21010,7401,13320,13580,27020,14170,39960,5780,13220,10240,8761,17950,15670,42760,13600,6563,17950,13830,17130,13710,9767,15530,12290,9980,26970,19440,24140,2110,17180,8930,12710,21100,7672,9629,12930,5110,10480,6273,17500,18880,5870,37640,11530,7801,22490,12600,20140,16140,37430,11250,7110,7093,12340,18550,32220,15210,28600,33690,36750,18420,9133,8485,10130,10270,6598,7205,3398,34920,27350,6990,8541,9864,13280,6882,6753,7154,4133,4794,11090,23820,20160,31580,3498,5216,21410,3195,26090,35520,10230,23570,16990,3173,4803,12220,5981,6304,9922,40730,2228,8336,9303,4670,5320,2883,33290,32610,5690,4488,9212,8017,10230,5390,8400,10780,5230,61120,11180
22980,13080,12090,2250,19940,40910,14050,21990,12510,11560,13650,19920,25400,11310,24480,3623,13810,19310,14460,2310,17130,22020,45320,47730,15970,21400,29890,8002,6900,26970,4904,5230,27800,5350,18450,5210,22360,7491,18148,38050,12700,43370,8440,31470,19280,28500,19430,5070,9320,19100,10170,18190,10490,19260,12940,19307,8840,7612,18020,2019,26880,7408,7970,10150,28630,16340,12430,27320,7457,23550,9209,14280,20080,19880,18850,11820,31980,38490,20820,40850,19710,74360,35510,41100,15140,26940,13260,8382,8560,18580,9683,16990,19530,12940,12970,9364,14400,9666,13460,2660,28400,10030,36150,15850,25130,17710,12580,13550,2930,16500,52810,16320,8368,24600,9440,21170,10990,9993,13440,19010,4480,18490,33520,16610,9903,20450,17610,21060,81520,10540,22930,21890,20720,8757,1996,7034,12730,14410,28260,17690,17790,42370,15850,11340,19900,22430,10310,10320,12510,10920,12670,18810,32470,7800,33540,31190,9220,11940,41290,36150,16520,7417,31490,17040,18300,22840,5375,10660,48070,20090,3880,14400,8130,20800,20350,21680,18350,15680,6971,11500,26780,11580,9400,7642,13720,17140,19700,11720,2900,10650,11390,17010,4752,4615,17110,11010,15310,12830,6546,9013,16670,10530,21910,6413,34340,14120,12400,24310,14390,17000,13710,6749,18600,11670,10630,16930,19220,17810,14350,34060,9330,6161,25400,9810,9926,16370,11440,1704,12660,18240,11480,35380,16530,14210,12760,17010,17720,18280,24780,4860,24910,41200,10140,14000,16650,8135,20840,13160,24460,12400,4590,8541,8052,18370,8600,31790,7137,6700,12300,7790,17740,17990,11550,6936,15110,6882,17937,10210,14320,5292,16140,31780,15590,37820,2098,29780,13440,22270,11350,18550,4053,23630,11780,5678,46010,18160,34230,24400,14820,8872,18190,17250,16900,14150,7587,4060,36030,21800,6050,14290,31330,8940,8883,10760,6522,10150,8130,23600,16960,37920,11940,38320,18590,23940,28090,20140,35810,15850,10950,6915,30600,15170,4043,7340,17220,17330,18010,5090,20150,26230,8588,22140,24590,8078,19230,25260,14550,18490,15370,5620,23630,6981,6685,8524,16630,12380,25590,30690,2483,1219,20540,21560,7570,13440,13910,27140,14420,40900,5990,13450,10710,9187,18210,16390,44010,13850,7208,18270,14440,17550,14230,10070,16250,13090,10420,27080,19730,25740,2130,17450,9020,12760,21660,7900,9840,13750,5240,10740,6548,17770,19470,5990,38360,11800,7914,22920,12840,20420,16560,38910,11080,7668,7520,12640,19270,32430,16000,29110,39470,37730,18670,9459,8698,10180,10350,6808,5290,3467,35500,27670,7140,8728,10290,13700,6876,6805,7706,4119,4894,11350,23940,20540,32100,3654,5195,21840,3235,26314,35930,10320,24670,17334,3233,5865,12700,6128,6425,10030,41200,2224,8506,9409,4730,5530,2875,34030,32760,5680,4698,9207,8155,10420,5360,8540,11300,5360,62050,11420
21760,13120,11850,2300,19970,41380,14170,22190,12800,11780,13660,20090,25340,11300,25460,3614,14120,19320,14590,2327,17320,22110,46520,48700,15940,22210,30130,8025,6858,27740,4940,5324,28040,5542,18330,5220,22340,7798,18338,38360,13310,43690,8637,31920,19270,28850,20180,4946,9432,18960,10150,18220,10530,19450,13050,19400,9270,7605,17170,2029,27130,7169,8468,10800,29830,16760,12850,27650,7506,24430,9422,14090,20480,20100,18870,12030,32340,38540,21470,41080,20330,75380,36410,41030,15340,27360,13840,8326,8760,18920,9690,17220,19540,12810,13310,9410,14630,9780,13430,2680,28850,10270,35890,15860,26140,17900,12710,13540,3030,16680,52890,16190,8589,25140,9810,21060,8590,9897,13650,19310,4600,18740,33330,16870,9938,20470,17550,20880,82640,10940,22880,22490,20780,8910,2040,7068,13650,14540,29120,17910,17940,41100,16060,11440,19500,22660,10550,10410,12290,11200,12600,18960,32950,7687,33700,31510,9090,12150,41810,36470,16620,7376,31880,16980,18620,22770,5334,11210,48370,19830,3930,14540,8130,20790,20330,21510,18470,15550,7060,11900,27880,12030,9580,8168,14030,17390,20000,11980,2923,10730,11440,17130,4761,4515,17320,11340,15340,12890,6496,8987,16570,10440,22250,6390,34740,14110,12560,24480,14550,17260,13980,7430,18970,11640,11090,16940,19320,17520,14480,34310,9349,5750,25760,9900,9973,16800,11530,1721,12390,18650,11550,36160,16590,14390,12670,16910,17320,19110,25240,4860,26360,41480,10650,14340,16780,8202,20340,13550,24470,12620,4510,8404,8238,18760,8607,32660,7074,6882,12250,7560,17510,18440,11610,7140,15440,7242,18620,9530,14310,5030,17360,31420,14440,38080,2103,30710,13500,22590,11520,18700,4217,24250,11850,5680,46940,18220,34550,24280,14310,8978,17610,16830,17090,14030,7470,4014,36190,21960,6100,14380,32590,9154,8860,10730,6200,10460,8090,23720,16820,37560,11990,38850,18350,23760,27340,20180,36240,15730,11030,7162,31110,15310,3920,8240,17420,16790,18380,5103,20250,26320,8855,22380,25220,8176,18980,25530,14530,18620,15270,5600,23810,7152,6781,8618,16590,12500,25160,31000,2110,1262,20740,21760,7600,13330,14300,27120,14540,41370,5900,13340,10540,9722,18280,16770,44020,13860,6859,18540,14500,17990,14430,10120,16280,13180,10330,27560,19420,29920,2040,17570,9030,12960,21720,7801,10020,14600,5260,10970,6491,17850,19440,5860,38780,11780,8000,23000,12760,20540,16590,39340,11160,8347,7522,12350,19520,32940,15760,29460,42960,37950,18740,9540,8693,10170,10410,6985,5237,3412,36300,27800,7350,8899,10020,13820,7000,6837,7225,4143,4967,11430,24050,20750,32450,3655,5272,21920,3211,25840,37720,10380,24970,17470,3213,6720,13000,6060,6095,10050,41200,2248,8529,9268,4780,5260,2842,34280,32780,5700,4668,9305,8380,10330,5420,8600,11070,5520,62000,11540
23320,13140,11770,2300,24480,41980,21860,22560,14900,12320,13730,20190,25600,11390,29100,3573,14270,19580,14820,2937,19600,22520,47090,49800,16670,22830,29910,8113,7320,31320,5099,5683,28060,5717,20970,5310,25990,8020,19870,39130,13330,43250,12449,31890,19460,29220,20180,4954,9674,19400,11950,18550,10530,19800,16580,19600,9400,7729,17240,2026,27910,7167,9290,11390,32780,17060,13900,35200,7415,24250,9350,14220,20340,20350,18880,12080,32640,39050,22120,41180,23610,75780,38060,42490,15380,27510,14730,9130,8700,19290,9760,17170,19400,12940,13480,9690,14580,9855,14930,2660,29390,10650,36870,15840,27030,18040,12910,15320,3010,17290,53380,16610,8691,25940,11690,22580,10483,10854,14590,19600,4540,18870,33900,17080,9900,20350,21470,22150,82310,11810,23180,23240,21610,9020,2095,8390,14000,14945,30190,19160,18370,41400,16870,12170,20380,22970,10870,10350,15350,12200,12590,19540,33270,7661,35640,32210,9290,12600,43020,36840,16960,7473,31350,17110,19360,23040,5345,11330,48850,19710,3790,17490,8400,20840,21640,21680,18950,15670,7026,11990,27990,11850,9660,9526,14140,17320,21360,11980,2973,11210,11510,17620,4830,4590,17560,12080,15310,13010,6500,8700,16610,10550,22310,6429,40340,14210,12790,24670,14400,18430,14540,7505,19290,11730,11950,17050,19640,17610,14720,34950,10469,5761,26080,9660,10050,16760,11670,1696,12410,19110,11590,36990,16480,15390,13070,17830,17650,20520,28670,4940,26590,44200,10620,14620,16930,8361,20570,13720,24600,14120,4590,8516,8550,19320,8712,34970,7320,8527,12340,7580,20940,18400,11450,7570,17160,7374,21550,9640,17850,5056,21190,33330,14590,38860,2066,31490,28090,23220,12580,19000,4424,25620,11830,5679,47150,20230,35580,24700,14230,9035,17600,17350,17500,16320,7749,3926,36590,21830,6220,14350,32650,9067,8837,10720,6130,11770,8230,23780,17150,38290,12870,39758,18590,23610,26830,20410,37500,15700,12310,7711,31630,18440,4047,8940,18290,16070,20310,5577,20620,26800,9037,23170,28690,8572,19090,26850,14520,18960,15630,5510,23670,7131,6827,8654,17260,13580,25180,31810,2062,1310,20920,21900,7619,13390,14470,27370,14890,42230,5940,14630,10710,10000,18360,17750,44870,16060,7058,18810,15250,19490,14776,10270,18960,13570,10300,32900,19670,34160,2841,18690,9170,13250,23850,7982,10050,16020,5190,11760,6349,17740,20270,6070,39390,12020,8073,24160,12930,21150,16680,39940,11370,8463,7672,12340,20340,35860,16470,29600,43550,39860,21280,9162,9105,10120,10380,7195,5338,3391,37270,27970,7490,9147,10090,18060,7836,6996,8784,4154,4974,11400,24160,21330,34950,3745,5108,22090,3234,26000,37760,10350,25510,17530,3204,6376,13040,6070,6125,10050,41450,2241,8500,9113,4760,6000,2815,34350,32650,5850,4679,9302,10384,10430,5400,8490,11850,5650,62280,11650
24060,13260,11920,2260,22920,41750,25470,23250,17590,12490,13700,21320,26570,11610,30330,3534,14290,19230,14770,3782,17860,23150,47770,50530,17270,20370,29960,8160,7986,33430,5155,5565,28230,5534,20980,5378,29960,7804,20780,39520,13370,42950,12520,31750,19390,28950,20850,5049,9930,19780,13380,18140,10460,19860,16590,20080,9185,7670,17730,2011,27880,7080,10527,11550,36740,16560,14510,38450,7347,24200,9391,14570,20510,20880,18830,12280,32880,39120,22940,40670,25590,75680,39060,43170,15760,27150,16370,9426,9335,19040,9735,17150,19560,13090,13990,9505,14620,9869,15060,2587,29280,12040,37520,16290,27850,18080,13040,16380,2826,17450,53320,17560,8644,26120,11660,25050,11410,11180,15480,20770,4466,18730,33560,16890,10400,20420,22210,21650,81700,12170,22970,24790,23200,9043,2139,8785,14960,14480,29640,20650,19230,42990,16300,13360,20440,23330,10980,10390,16540,12810,12610,20510,32780,7550,37640,32970,9169,12880,45790,36400,17060,7591,31830,17190,23810,24000,5476,11700,48520,19680,4076,17540,8642,20560,21330,22060,19060,16500,7038,13230,28480,11570,9550,10350,14140,17740,21760,12190,3048,11900,11340,18640,4933,4786,17550,11990,15300,12820,6438,8695,16920,10650,22740,6465,41940,14100,12660,23460,15090,18600,13980,7258,19460,11790,11880,16620,19630,17980,14840,36510,11070,5651,26330,9915,10990,16380,11540,1658,12920,18580,11450,37950,16730,21700,13360,18140,17910,21900,31330,4922,27380,44900,11228,15600,17120,8220,20220,13750,25570,14960,4470,8732,8417,19580,8530,38310,7575,8676,12520,7740,20440,18460,11500,7749,16490,7318,23310,9460,18950,5190,25230,32240,15410,39320,2039,32240,30290,23970,14070,19010,4455,27090,11660,5507,47960,20830,35510,26210,14360,9207,17910,17540,17500,15860,8569,3907,36140,22160,6492,14330,33060,10120,9104,10860,6030,13670,8110,24020,18140,37880,12700,39840,18600,23720,28490,20470,37540,16740,12650,7813,31800,19700,4292,8405,17650,16480,20390,5635,21020,26790,9490,23240,27880,8840,19580,26980,14630,20550,16240,5460,24830,7018,6870,8719,18140,13700,25410,32250,2308,1384,20750,22240,7412,14040,14620,26810,14660,43750,6056,15050,10840,10090,17990,18190,42950,16010,7110,19620,15570,23270,14890,11230,19710,14070,10350,35910,19940,40150,3340,20830,9095,13000,24710,7884,10220,15930,5344,12360,6518,17990,20530,6028,43300,11660,7902,23760,13170,21540,17460,44400,11730,8933,7420,12290,22020,37680,17270,29880,45240,40000,23890,9400,8690,10980,10810,7139,7338,3395,35740,28230,7496,9141,10180,19850,7469,6975,9225,4182,5049,11590,23640,21560,34900,3657,5073,22340,3201,26230,36990,10150,25440,17410,3138,6480,13570,5832,6167,10160,41430,2240,8530,9343,4963,6029,2799,33820,32340,5848,4576,9652,10640,10210,5330,8410,12210,5731,62510,11450
23870,13270,11790,2260,25330,42560,24430,23480,19690,11730,13690,21080,23470,11480,30940,3492,14460,19000,14990,3250,18150,23030,48940,50300,17140,19070,29770,8093,8068,35190,5022,5326,28150,5716,21110,5290,26920,7842,21130,39750,13430,42800,13680,31550,19430,28450,20740,5094,10220,20420,14200,18320,10400,19670,16510,19680,9223,7593,17840,2047,28240,7044,10270,11570,36630,16640,14260,36490,7366,24400,9508,14480,19540,20920,18840,13090,32810,39040,24010,40710,25580,75770,39370,43700,16010,27260,17690,9527,9474,19060,9565,17080,19390,13030,14170,9443,14620,9909,15460,2592,29350,13070,38250,16440,28200,18020,13130,15420,2840,17630,53650,17510,8389,26420,11710,24770,11990,11040,13700,20580,4412,18980,34010,17020,10390,20330,23450,21460,81190,12200,22690,25620,24380,9180,2136,9155,16700,14320,28580,22590,19380,43870,16380,13650,19640,23470,10920,10360,18920,12640,12730,19470,33350,7517,38370,33290,9077,12780,47480,36230,17130,7558,32550,17180,25270,24550,5462,11940,48660,19870,4094,17210,8751,20240,21460,22210,19050,16690,6855,14230,30350,11690,9650,9974,14070,17540,21520,12140,3075,11980,11430,18880,4952,4873,17590,12050,15220,12710,6470,8693,16820,10420,22540,6430,41970,14120,12610,22940,14960,18930,13810,7282,19710,11830,11820,16550,19910,18290,14880,37070,11260,5610,26390,9970,9940,16250,11470,1657,12920,18680,11300,37790,16750,24980,13700,18530,18240,21520,31740,4870,27470,45090,11248,16510,17180,8121,20120,13950,25380,15250,4451,8841,8402,19970,8625,40440,7577,9480,12320,7724,20840,18300,11510,8371,16400,7480,22600,9410,16470,5087,27320,31750,14980,38150,2001,31890,30190,24060,14310,19310,4288,29380,11730,5574,48480,21220,35520,26070,14530,9141,17930,17740,17300,16060,9157,3852,35980,22430,6623,14230,33440,9808,9144,10870,5780,14300,7770,24060,18170,38080,12550,40030,18820,23350,29010,22110,37810,16710,11360,7635,31710,19430,4302,8211,17370,16470,21270,5595,21320,27240,9566,23820,25660,8830,19960,26980,14550,21470,16050,5330,24750,7058,6964,8880,19070,14470,25310,33340,2360,1390,20680,22480,7283,13960,14490,26840,14820,43260,6135,15950,11170,10110,17890,18430,41770,16350,6940,19270,15840,23910,15050,11230,19310,13910,10410,39290,19350,43340,3307,19050,9099,13000,24220,7768,10160,15690,5353,12530,7112,17580,20540,6095,43260,11790,8014,23510,12760,21560,17820,45750,11710,8921,7509,12270,23680,38460,17380,29970,45710,40680,24050,9285,8344,10890,10650,7149,7432,3439,35930,28430,7417,9075,10020,20120,7792,6858,9483,4125,5046,11580,23550,21500,35030,3647,5193,22380,3187,26080,37860,9987,25420,17210,3100,6230,13560,5743,6107,10060,41250,2253,8530,9397,4893,6235,2811,34890,32110,5833,4441,9661,10690,10100,5215,8490,12220,5830,62280,11460
23880,13360,11800,2290,25080,43090,24080,23590,20670,11700,13820,21230,28710,14320,31520,3474,14380,18950,14930,2859,18600,23360,49160,50690,17400,19170,29700,8091,8182,34560,5065,5395,28290,5772,21320,5315,26280,7862,21550,39810,13330,42810,13510,31470,19350,30070,21120,5114,10320,20860,14640,20360,10420,19470,16540,20310,9345,7669,17990,2039,28530,7055,10180,11650,36050,16550,14050,35320,7330,24710,9958,14900,18840,21110,18700,13130,32850,39430,24420,41430,26250,81550,39450,44090,16180,27090,17140,9606,9410,19200,9503,17230,19350,13320,14360,9416,14610,9905,15540,2564,26880,14600,38610,16480,28340,18040,13300,15500,2936,17440,54180,17490,8341,27060,10930,24840,12340,11070,13020,20660,4422,19040,34430,17050,10430,20410,20670,21780,81870,12550,22720,26710,24460,9188,2237,9477,20260,14430,28380,27100,19520,44170,16750,13790,19450,23300,10930,10390,19840,12990,12740,19280,33140,7549,37430,33830,9130,12820,47850,36340,17060,7522,32780,17080,24920,25920,5426,12000,49100,19780,4071,18030,8726,20050,21900,21890,19230,16610,6898,13870,36480,11690,9820,9647,14250,17630,21510,12050,3101,12110,11690,19130,4937,4834,17760,12240,15210,12800,6493,8688,16810,10380,22440,6462,43180,14070,12680,23010,15040,18510,13770,8963,19770,11940,11930,16500,19800,18300,14970,36870,11280,5590,26790,10010,11060,16270,11400,1645,12930,18650,11300,38220,16820,22380,14370,18460,18060,21400,32090,4845,27530,45480,11908,17310,17290,8146,20110,14050,25330,15560,4390,8810,8484,20240,8679,41920,7565,9298,12280,7758,21390,18540,11450,7868,17790,7491,22040,9360,16330,5085,28540,31870,14980,38380,2014,31950,28000,24720,14470,19400,4336,32190,11790,5567,48990,21670,35800,26630,14570,9063,18030,18230,17790,16240,8188,3823,36210,23630,6697,14160,33820,10240,9201,10870,5850,14690,7850,24130,18130,38980,13050,40450,18760,23370,28980,22030,37950,16630,13530,7713,31870,19790,4878,8270,17420,16520,21780,5630,21620,27150,9710,23840,25770,8980,20010,26880,14640,21420,16050,5330,24810,7135,7005,8788,18780,13670,25670,33240,2435,1454,20650,22530,7241,13920,14410,26880,14870,43600,6191,15390,11350,10070,17870,18510,42440,16410,7020,19120,16660,24780,15050,11560,19310,13760,10620,37670,19280,44800,3494,19230,9110,14370,25210,7778,10180,15800,5412,12550,6939,17580,20810,6089,44450,11850,8153,23410,12710,21690,17580,48160,11960,9030,7550,12280,26520,40000,17220,29980,45450,41110,24490,9346,8441,10870,10660,7056,7464,3413,36550,28450,7375,9047,10090,20830,7859,6795,9281,4121,5067,11630,23440,22240,34730,3711,5142,22250,3090,25850,38510,9923,25570,17200,3103,6200,13610,5738,6056,9924,41200,2229,8500,9257,4904,6309,2798,35250,32170,5721,4479,9567,10430,10160,5174,8490,12180,5893,62180,11510
24450,13400,12240,2310,24690,43910,26960,23790,20210,11900,13900,21180,28790,14330,31570,3450,14480,19000,15100,3800,19020,23410,50070,51920,17070,19350,29780,8140,8190,32160,5020,5250,28560,5830,21620,5290,26170,8180,21600,39800,13480,42860,12990,31690,19400,29940,21360,4950,10340,21490,13210,20050,10450,19100,16180,20470,9450,7490,18300,2040,29360,7100,10180,11840,37640,16510,14170,35990,7380,25340,10130,15420,19110,21570,18690,13160,33230,39950,24990,41110,26790,87400,40290,45520,16190,27240,19180,9420,9400,19300,9340,17310,19420,13440,14520,9470,15020,9890,16410,2470,25420,16230,39110,16590,28430,18150,13930,16160,3000,17620,54250,17260,8340,27580,11770,24290,12320,11270,13190,20210,4420,19250,34860,17070,10490,20500,19870,21760,82520,12670,22780,28190,23800,9300,2280,9490,22080,14500,28610,33430,19630,45240,16730,13200,20330,23680,11040,10310,17330,13340,12470,19410,32970,7570,39140,34070,9160,13190,47040,36550,16920,7450,33270,17030,24910,27590,5390,12050,49650,20270,4060,16980,8760,20090,22520,21880,19870,16690,6960,12780,43080,11680,9873,10300,14190,17750,22170,11970,3110,12140,11840,19000,4950,4850,17830,12570,15100,12830,6480,8710,16950,10240,22310,6450,42580,14050,12770,23280,15190,18480,13820,7150,20090,11970,12070,16500,20270,18470,15110,37130,10220,5600,26890,10050,10340,16350,11460,1640,12980,18640,11240,39590,16960,20840,13960,18420,18000,21370,29410,4830,27990,45960,11920,18730,17650,8210,20180,14120,26090,15520,4380,8770,8510,20890,8140,42720,7530,9370,12160,7760,20750,18600,11490,7330,16930,7560,22120,9450,16760,5110,27860,31800,15050,38700,2020,32410,28750,24610,14830,20150,4460,24430,11890,5580,51280,21610,36260,27770,14870,9050,18210,18320,17360,16410,7590,3830,36090,24370,6530,14190,34110,9820,9300,10840,5750,14330,7900,24100,18240,39320,13310,40430,18840,23560,29150,21860,38460,16220,14680,7750,32310,19460,5080,8770,17860,16590,21880,5630,21430,27070,9780,24460,26000,9030,20140,27680,14750,21000,15620,5340,24380,7190,6980,8860,18570,14380,25840,33460,2450,1450,20700,22750,7280,13630,14440,26940,15030,43940,6250,15350,11100,10140,17920,18150,42380,16350,6830,19200,16330,24130,15460,11560,20030,13620,10900,35930,19600,48560,3500,20400,9100,14270,24520,7810,10120,16220,5490,12370,6940,17570,20940,6190,47100,11860,8230,23510,13270,22170,17600,42540,12460,8830,7640,12350,24840,40700,16970,30620,45260,42110,23240,9380,8360,10920,10690,7060,7480,3500,37300,28560,7380,9040,10090,20000,7350,6640,8880,4120,5090,11720,23270,22510,34980,3680,5140,22290,3090,25810,38700,9940,25610,17270,3100,5850,13710,5790,6060,9940,41230,2220,8580,9240,4930,6430,2800,35150,32190,6080,4330,9560,10520,10180,5200,8530,12100,5880,62460,11510
25390,13430,12530,2280,25280,45250,24770,23860,21240,11680,13850,21400,28790,14330,31870,3430,14520,18960,15110,4070,18900,23910,49640,52570,17340,19430,29850,8150,8130,32030,5030,5490,28860,5970,21840,5300,26320,10210,21610,40150,13600,42820,13150,32150,19350,30040,21570,4910,10400,22250,13410,19890,10450,19150,16100,20390,9420,7380,18440,2020,30070,7140,10160,11990,38770,16450,14310,36830,7340,25110,10130,16130,19430,21550,18730,12580,34420,40180,25970,41160,26810,90390,40490,46540,16130,27200,17580,9300,9400,19270,9320,17310,19500,13510,15090,9470,15030,9890,16310,2400,25920,17910,41290,16550,29200,18170,13490,16620,3010,17440,55590,17290,8340,27770,13000,24000,12050,11130,13280,20420,4420,19410,34200,17140,10560,20630,20260,21110,83050,12690,23280,30230,23890,9290,2280,9500,23580,14520,28720,23730,19620,47190,16580,13450,20850,24010,11120,10320,16720,14400,12970,19310,32930,7540,40490,33960,9140,13490,47450,37200,16650,7420,33400,17040,25220,29290,5400,12600,50170,20450,4070,17360,8870,20030,22890,22060,19970,16730,6950,12690,47770,11730,9860,10380,14350,17850,22200,11970,3110,11900,11950,19180,4880,4850,18300,12680,15020,12920,6450,8680,17650,10200,22350,6430,42580,14030,12770,23570,15240,18530,13760,7240,20690,12060,12090,16470,20210,18620,15100,37610,10320,5580,27060,10040,10330,16390,11540,1650,12980,18760,11230,42870,16980,19680,13910,18390,17860,20500,28680,4830,28640,46840,11990,19930,17650,8270,20190,14150,26520,15610,4310,8820,8520,21930,8120,40350,7510,7940,12160,7790,20160,18350,11500,7320,16760,7580,22050,9530,17270,5120,29020,32960,14610,39270,2000,33270,29620,24760,14860,21310,4520,20620,11850,5560,53020,21170,36810,27980,15110,9030,18160,18450,17210,16250,7630,3800,35980,26220,6540,14160,34500,10450,9380,10820,5720,14350,7940,24140,18120,39610,14470,42030,18920,24330,30200,21800,39180,15860,14920,7280,32440,19510,5070,8920,18170,16730,22570,5320,22190,27170,9880,25460,25940,8710,20220,27750,14740,21870,15670,5310,24520,7210,7010,8880,19260,14380,25940,33660,2460,1450,20710,22930,7260,13850,14490,26760,15280,44000,6280,14960,11150,10290,17890,18300,43160,15860,6710,19250,16610,24130,15030,11600,20210,13410,11390,34470,20570,51100,3520,20000,9050,14070,24380,7870,10150,15570,5580,12530,6920,17540,21500,6220,53300,11860,8360,23450,13170,23070,17590,41450,13130,8800,7670,12360,23920,41430,17090,31230,45500,42910,23700,9370,8480,10820,10670,7030,7490,3490,37450,28460,7390,9050,10420,19180,7540,6640,8980,4110,5180,11790,23330,22470,34940,3680,5120,22280,3080,25730,39330,9910,25600,17190,3080,5350,13780,5890,6100,9920,41200,2210,8580,9220,4940,6440,2850,35110,32170,6930,4310,9540,11100,10200,5210,8500,12410,5870,62320,11530
26950,13540,12510,2260,25710,46680,25190,23960,21730,11710,13850,21830,29250,14270,32080,3410,14710,18930,15130,4340,19990,24070,50780,53370,17590,19430,29810,8140,8050,33280,5030,5770,29130,6080,21560,5280,26630,12530,21350,41200,13620,42950,13630,32770,19210,29980,21870,4890,10610,22730,13620,20150,10440,19050,17010,20790,9400,7530,18620,2040,31380,7130,10350,11400,40130,16320,14370,36660,7300,25380,9970,17470,20200,21790,18670,13120,35110,41090,27380,41160,27680,91760,41150,47310,16160,27240,16320,9350,9390,19150,9280,17340,19510,13600,15260,9390,15070,9800,16580,2330,26490,19310,43940,16490,29520,18040,13620,17380,3030,17400,56680,16840,8320,28350,12940,24190,11830,10960,13360,20560,4460,19610,34020,17240,10550,20760,20450,21160,83820,12540,24160,32390,24400,9450,2270,8990,26650,14520,28870,32280,19630,50460,16680,13710,22000,24900,11190,10390,17640,13740,13140,19220,32980,7520,41770,34720,9160,14180,49180,38000,16550,7350,33740,16950,25620,30920,5360,12720,50770,20600,4030,17720,8910,19970,23500,22220,19940,16660,6920,12550,28880,11730,9860,12100,14290,17640,22750,12020,3220,12060,11990,19350,4800,4870,18550,12820,15040,12900,6440,8660,18380,10130,22320,6390,41250,13990,12790,23780,15350,18210,13740,7260,22530,11970,12100,16360,20220,18720,15050,37700,10140,5560,27230,9940,10450,16470,11650,1640,12890,18830,11190,46820,16980,19670,14080,18300,17860,20300,30330,4790,28690,48130,12580,21400,17630,8300,20190,14070,25620,15860,4260,8630,8580,23290,8130,40100,7460,8620,12060,7800,21300,18320,11480,7320,17050,7630,21870,9580,17210,5120,29990,33610,14530,39580,1980,34890,29330,25000,14930,22650,4510,21150,11820,5560,54100,21930,37080,27980,15180,8920,18170,18540,17320,16110,7620,3820,35960,28070,6560,14080,35170,9820,9430,10830,5730,12900,7940,24090,17980,40320,15180,42730,18880,23500,31540,21660,39610,15820,14990,7280,33110,19340,5520,9030,18790,16710,22830,5250,23420,27190,9840,26700,26280,9000,20300,28110,14730,22230,15640,5310,24560,7260,6890,8930,19560,14510,26150,33770,2480,1470,20600,23110,7190,13950,14450,26690,15490,43500,6260,14910,11260,10330,17880,18360,44770,15730,6740,19420,16790,24190,15380,11670,20480,13350,12870,36130,22360,52930,3660,19740,8990,13600,24860,7940,10170,15980,5720,12560,6930,17430,22050,6230,60730,11840,8620,23420,13190,23690,17510,42490,13760,8770,7670,12430,23690,42770,17110,31690,46480,43620,23970,9330,8570,10710,10700,6990,7440,3490,38000,28310,7360,8970,10620,19240,8070,6640,9900,4080,5170,11890,23230,22820,34990,3680,5090,22190,3040,25570,39670,9870,25700,17070,3040,4940,13950,5870,6090,9880,41350,2190,8530,9100,4920,6390,2860,35270,32050,7790,4260,9460,11050,10260,5160,8470,12490,5980,62190,11580
28060,13630,12470,2250,25750,48290,24890,24110,19540,11740,13890,22030,30390,14230,32490,3390,14980,18800,15100,4860,19880,24010,51450,54490,17580,19610,29680,8160,8390,32970,5030,5330,29560,6250,21880,5260,26920,15810,23040,42640,13790,43300,13480,33320,19100,29440,22090,4870,10780,24410,12990,20260,10440,19080,16720,20180,9380,7570,18860,2030,32600,7060,10380,12590,39820,16260,14480,35160,7260,25920,10210,18690,20800,21810,18560,12400,35840,41970,28470,41120,27740,92920,41850,48030,16210,27260,15360,9350,9350,19260,9240,17360,19550,13730,15640,9390,15100,9800,16690,2320,27270,20100,45810,16450,29620,18000,13750,16500,3040,17540,57420,16850,8300,29260,12870,24920,11070,11030,13580,20970,4430,19840,34110,17290,10540,20830,20920,21820,84420,11560,23110,34720,24050,9460,2270,8990,26640,14520,28950,33300,19860,53500,16730,13410,23030,24630,11360,10530,17670,13290,13360,19260,33080,7470,43000,35440,9150,14590,50130,38770,16380,7320,33890,16940,25440,33410,5360,13050,51260,20810,4000,17900,9030,19980,23610,22250,19950,16700,6920,13450,21710,11780,9890,12510,14300,17560,22440,12020,3260,12560,11980,20390,4780,4930,18740,13010,15060,12880,6420,8670,19150,10110,22190,6380,40100,13930,12770,24130,15460,18600,13740,7300,23500,12300,12290,16320,20470,18870,15230,37780,10100,5550,27110,9930,10300,16610,11800,1630,12830,18860,11210,49490,16990,18900,14320,18160,18070,20420,31020,4790,28730,49780,12930,20150,17580,8420,20230,14150,25720,16250,4220,8740,8630,24400,8150,40420,7390,9060,12040,7820,20360,18280,11500,7320,16440,7680,22560,9690,18000,5090,28630,34940,14440,40140,1970,36430,27610,25180,14370,23850,4540,21070,11790,5520,55460,22070,37470,28140,15100,8850,18230,18550,17530,16330,7630,3830,36020,30270,6610,14040,35620,9830,9510,10870,5710,13470,7970,24040,18130,40950,15570,43170,18890,23460,33060,21830,41100,15770,15670,7270,33340,19350,5120,9130,19660,17410,23090,5250,24690,27270,9770,27690,26630,9210,20390,27150,14710,23250,15670,5360,24730,7290,6890,8940,20290,14080,26690,34170,2480,1500,20520,23420,7150,14040,14420,26560,15630,43380,6240,14830,11350,10360,17920,18230,47020,15160,6790,19860,17130,23850,15820,11720,20760,12720,13500,33920,22790,54230,3830,19740,8930,13590,25040,8030,10200,15650,5920,12640,7030,17350,22400,6250,68780,11640,9050,23290,13390,24270,17490,43340,14600,8790,7720,12500,24800,44370,17250,32370,47080,44480,24260,9280,8660,10610,10720,6930,7430,3490,39180,28260,7380,8920,10740,19310,7980,6600,8670,4090,5220,11920,22710,22690,35890,3640,5040,22130,3020,25470,39600,9790,25780,16940,3040,4800,14190,5870,6220,9930,41370,2180,8470,9100,4890,6380,2750,35660,31880,9240,4220,9430,11020,10380,5110,8440,12550,6050,62160,11490
28830,13850,12460,2260,25210,49820,24680,24590,21050,11740,13950,22180,29510,14130,30250,3350,15340,18740,15070,4980,19370,24370,52550,55660,17560,19750,29630,8150,8450,32890,5010,5530,29950,6320,21140,5230,27650,17360,23380,44720,13990,43370,12670,33800,19100,29990,22200,4890,11210,24420,12660,21110,10430,19180,17080,19990,9380,7560,19170,2030,33470,7050,9620,11730,39600,16170,14350,33640,7220,26470,10190,19550,21040,21890,18540,12350,36290,42850,29250,41240,27380,94200,42450,48260,16110,27410,15340,9280,9340,19340,9230,17890,19570,13740,15970,9420,15130,9800,16820,2320,27880,21280,47660,16370,31000,17970,13790,15860,3030,18190,58520,17190,8300,29980,12740,24430,10920,10630,13690,21320,4440,20570,34350,17150,10570,20850,20750,22990,85090,11880,22660,37830,22840,9490,2250,8720,27470,14500,29050,33890,20120,57300,16830,13410,24140,24910,11440,10570,16010,12490,13490,18600,32780,7440,42820,35930,9120,15040,51050,39350,16750,7310,34200,16950,25430,34340,5320,13340,51800,20880,3990,18120,9160,19970,24420,22400,20020,16770,6920,13480,21850,11910,9980,12960,14300,17560,21980,12020,3390,12080,11920,21230,4770,4940,18880,13130,15090,12890,6410,8650,19680,10050,22210,6350,38850,13870,12760,24540,15550,18430,13690,7440,24570,12500,12240,16280,20810,19040,15650,37110,10200,5520,27330,9750,10300,16710,11990,1620,12800,18850,11190,52260,16940,19120,14310,18070,18090,20540,31640,4800,28570,51710,13000,20100,17640,8470,19790,14630,25720,16330,4220,8990,8650,25270,8170,40440,7410,9360,12010,7880,21030,18250,11480,7350,16860,7770,22920,9690,17440,5050,27910,35740,14520,40290,1970,36940,26260,25310,13580,25280,4550,20880,11800,5520,56620,22400,37850,28460,14890,8840,18190,17880,17820,16670,7620,3830,36120,31650,6690,13970,36500,9780,9570,10350,5710,12900,8000,23910,18110,41220,16170,43580,18970,23560,34480,21610,42240,15690,15310,7450,33610,19040,5240,8910,20660,17370,23230,5230,25730,27250,9710,28440,26960,9230,20350,26920,14760,21490,15700,5410,24810,7320,6790,8990,20480,13830,26850,34070,2510,1490,20480,23810,7160,14130,14410,26590,15900,43300,6270,14770,11310,10440,17960,17890,48740,14930,6830,20070,17370,24680,16000,11720,20720,12570,14500,33790,23520,55490,3620,19640,8890,14000,25140,8040,10220,16390,6150,12510,6960,17250,21810,6500,47550,11610,9320,22540,13350,25010,17500,44010,15020,8840,7820,12550,23530,45570,17490,33470,47670,45760,24540,9190,8660,10670,10640,6930,7410,3360,40830,28230,7350,8880,10870,19050,8000,6580,7820,4080,5220,12000,22460,22670,35360,3640,5010,22110,3000,25410,39210,9730,25930,16900,3010,4530,14430,5870,6210,9960,41440,2170,8450,9080,4830,6390,2720,36500,31750,10870,4190,9390,10680,10160,5040,8420,12600,6150,62120,11470
30150,14140,12470,2240,25360,51490,24530,24680,20240,11720,14030,22440,29680,14080,32460,3320,15830,18670,15540,4990,18880,24730,53940,56480,17600,19810,29640,8080,8400,32950,5040,5390,30000,6440,21950,5210,27470,18470,22780,47290,14280,43600,12750,34420,19100,30660,22370,4910,11380,25010,12920,21550,10460,19240,17190,20220,9380,7580,19270,2020,33950,7050,9660,12490,40660,16140,14420,33810,7220,27200,10190,20510,21350,22050,18490,12330,36790,43840,29700,41550,27840,95620,42980,48040,16470,27650,15640,9000,9390,19390,9220,18090,19720,13840,15810,9410,15070,9860,17230,2340,28750,22300,50090,16480,32730,17920,13710,16060,3010,18510,59740,17330,8280,30520,12660,25720,10180,10730,13720,21790,4440,20820,34630,17270,10580,20920,21060,23240,85840,11930,22690,39880,22030,9690,2260,8360,28520,14510,29320,33870,19800,60920,16810,13530,25680,25000,11550,10760,16820,12600,13650,19150,33580,7430,43920,37070,9160,15440,52980,40090,16860,7310,34600,16960,26270,35110,5310,13550,52190,21430,4000,18700,9300,20030,25570,22680,20300,16850,6960,13420,22190,12050,10070,12820,14300,17500,22520,12010,3480,11870,11720,21490,4760,4930,19010,13280,15160,12920,6430,8620,20120,10000,22440,6310,39500,13870,12730,25330,15650,18620,13670,7660,26800,12910,12310,16250,21140,19280,15870,37210,10270,5530,27530,9820,10310,16760,12100,1620,12860,18720,11250,54590,17010,19820,14310,18270,17420,20390,31130,4790,28720,53130,13380,20330,17930,8540,19880,14730,25980,15890,4190,9150,8720,26180,8180,40740,7380,9590,12070,7920,19990,18250,11480,7380,16850,7860,23520,9740,17600,5010,28940,36300,14500,40770,1980,37460,26250,25530,13890,26930,4530,21740,11820,5510,57920,22090,38140,28500,15120,8800,18220,17870,17960,16790,7670,3800,36290,33170,6740,13940,37190,9840,9700,10210,5760,13890,8040,23840,18200,41670,15970,44000,19040,23020,35930,21890,43160,15410,15180,7510,34160,18850,4190,9080,21910,17610,23590,5370,26490,27240,9740,29710,27120,9160,20340,26930,14770,20800,15690,5420,24950,7360,6770,9130,20110,13570,27260,34410,2500,1510,20540,24270,7130,14360,14550,26540,16060,43670,6230,14380,11570,10420,17890,17710,50630,14070,6820,20170,18060,23890,16190,11760,21100,12590,15300,32130,24550,56630,3500,19210,8850,14180,25460,8100,10230,16900,6320,12500,6670,17260,22210,6880,40150,11530,9500,22470,12600,25720,17520,44830,15350,8950,7820,12600,24260,47920,17620,34770,48060,47870,24990,9180,8680,10740,10610,6940,7410,3330,42470,28190,7350,8870,10890,19150,7470,6670,7900,4070,5220,12000,22270,22970,35520,3640,5010,22090,3000,25330,39260,9700,26110,16800,2980,4520,14580,5840,6160,9990,41480,2180,8320,9080,4800,6410,2720,37610,31580,12310,4210,9380,10320,10230,4970,8400,12660,6200,61980,11450
31520,14820,12540,2250,25000,53460,24530,24930,20080,11680,14050,22650,29910,14090,32710,3320,16060,18660,15420,5040,18880,25050,55040,57270,18000,19900,29970,8100,8540,33690,5050,5420,30570,6620,22760,5200,27780,19060,23890,50800,14740,43720,12490,35020,19110,29650,22430,4920,11280,26260,13230,21690,10480,19290,17600,20500,9440,7650,19470,2040,34530,7060,9660,14770,41130,16080,13380,33750,7180,28130,10200,22760,21630,22270,18410,12480,37730,44960,30250,41890,28250,96740,43970,48680,16680,27750,15900,9000,9360,19420,9250,18130,20040,13980,16200,9360,15160,9880,18040,2350,29470,22880,52380,16190,33190,17870,13760,15700,3030,18790,61520,17460,8310,31470,12900,24520,10120,11270,13940,22120,4470,21090,34900,17600,10680,20930,21330,23790,86360,11970,22680,41840,22190,9740,2260,8090,29260,14500,29640,34870,19820,63960,16710,13850,28290,25150,11660,10920,16590,12190,13820,19530,34110,7430,45350,37940,9810,16270,53200,41700,16900,7280,34960,16930,27190,36390,5320,13760,52620,21400,3960,19120,9450,20050,26490,22880,20540,17050,7000,13890,22610,12110,10270,14230,14310,17660,22050,12020,3550,12080,11710,21680,4770,4930,19190,13520,15230,12950,6420,8630,20500,10010,22480,6310,40660,13810,12710,26390,15790,19010,13640,7970,30010,13390,12330,16170,21640,19570,15970,38260,10380,5520,27730,9820,10360,16880,12180,1620,12920,18600,11300,56960,17150,23420,14420,18210,17860,20550,32040,4770,28790,55080,13850,20500,18060,8610,20060,14660,26060,15560,4180,9380,8730,26560,8140,40890,7420,10790,12070,8140,19240,18430,11510,7440,17460,8020,24020,9770,17420,4990,29520,37940,14630,41200,1960,38900,24560,25690,13610,28840,4570,21910,11810,5510,59100,22320,38960,28390,15190,8780,18310,17920,18310,16580,7780,3820,36300,35180,6790,13920,38090,9920,9730,10220,5810,14710,8040,23790,17950,42500,15960,44580,19230,23100,37090,21530,44330,15390,15340,7650,34590,18800,4930,9250,23410,18110,23350,5370,27330,27300,9770,31600,27410,9460,20520,27250,14780,20760,15660,5410,25150,7350,6810,9230,19490,13680,27940,34770,2530,1510,20590,24560,7130,14560,14660,26550,16400,43780,6430,14480,11470,10500,17880,17960,52560,14070,6820,20540,18180,23640,16550,11840,21240,12690,17030,32200,25580,57810,3480,19500,8790,14820,25380,8120,10290,17460,6820,12390,6300,17280,22780,7140,41640,11520,9840,22520,14520,26310,17500,45050,15520,8900,7870,12650,24210,50010,17790,35330,48650,49160,25740,9140,8700,11040,10520,6880,7380,3340,43500,28110,7330,8790,10890,18840,7990,6720,8250,4150,5230,12100,22160,22620,36020,3630,5000,22180,2990,25260,39240,9680,26290,16670,2950,4500,14740,5800,6180,9980,41540,2170,8230,9070,4810,6440,2730,38570,31450,13230,4220,9420,10160,10240,4930,8350,12450,6260,61950,11380
31700,15290,12240,2180,24160,55520,24770,26190,17200,11260,13660,22680,30830,14440,33840,3270,16200,18530,15290,5610,16810,25290,57360,60250,19100,20680,30400,8240,8480,33690,4800,5410,33590,6320,23650,5010,28020,18500,25570,56650,15150,44020,11280,34760,18760,29480,22410,4720,11270,28560,12920,22630,10120,19800,15100,21950,9230,7650,18480,2010,35250,6780,9420,18080,41810,16010,13780,33840,6710,30370,9890,25330,22870,22810,18120,12290,38660,47660,31140,41240,28170,101840,45380,50110,15990,28680,15490,9180,9370,19830,8510,17890,20150,14250,16910,9050,14970,9690,19020,2100,30470,24000,53260,15830,33620,17460,13760,14360,3170,18500,66150,18010,7840,31610,12560,25090,9760,11330,14130,22760,4330,20560,36070,18320,10780,20740,20500,23540,85580,11440,22120,45170,22280,9680,2280,7470,29120,14340,31060,36490,18570,66840,17370,14200,30120,26610,11950,10900,17340,13030,14320,20030,34790,6940,46570,39970,8640,17650,55180,42560,16340,6890,35270,16190,25650,39990,5320,13740,52240,22470,3680,18300,10060,19980,27840,22970,20370,17120,6910,13760,24040,12070,10120,14370,14140,18060,21900,11620,3400,12120,11290,23430,4440,4540,19740,13930,14600,13290,5990,7920,19640,9600,22710,6240,40040,13310,12220,29130,16100,18200,13390,8280,37540,13490,12800,15300,23170,19990,16280,40150,10110,5370,27380,9220,10000,17010,12040,1580,14400,18470,11450,57750,17520,22590,15030,17880,17120,20000,34270,4650,27920,57510,13450,21160,18130,8670,20930,14040,25510,15230,4100,8700,8580,27420,7880,39640,7050,11650,11280,7950,19540,18900,11310,7310,17900,8000,23100,9690,17140,4680,29830,39130,14150,43450,1760,38180,22330,26850,13280,30740,4570,22230,11360,5330,59800,22570,39920,29880,14930,8220,18900,18000,18800,17800,7470,3700,37160,37270,6540,13790,40080,9610,9790,10490,5990,14800,8910,23750,17410,44850,16460,45840,19240,22220,38300,20600,45630,14410,16370,7710,35600,18750,4580,9670,25510,18490,24640,4630,28810,27380,9810,33490,28090,9020,20500,27360,14500,22470,15140,5300,24590,7420,6850,9200,21380,13250,30130,35210,2160,1450,20570,24640,7190,14150,15370,26920,17590,43950,6090,14020,11610,10700,17580,18260,56050,14140,6240,20580,19470,22830,16810,12260,21570,13090,20000,31170,26310,58770,3480,19970,8350,13660,26290,8110,10550,17890,6960,12120,5540,16790,21980,7190,43800,11290,10200,21920,14110,28090,16620,46790,15620,9000,7980,12590,25230,52330,17980,37970,49460,52020,26010,8990,8790,11070,10490,6580,7920,3200,49000,27960,7300,8650,11490,20050,7590,6790,7600,3910,5170,12520,21210,21910,36450,3660,4480,21500,2760,24360,40020,9210,26850,16290,2800,4660,17190,6010,5940,9940,40800,2040,8190,8650,4550,6220,2780,41450,30740,14350,4050,9390,9830,10300,4760,7860,12900,6320,62250,11000
32510,16350,12290,2180,25090,56980,24750,27110,19760,11260,13660,22950,31620,14510,34250,3250,16610,18560,15750,5740,16780,25580,58570,61530,19640,20910,30710,8270,8110,34460,4790,5380,35150,6400,24460,4800,29390,19740,26430,58490,15630,44130,11360,35340,18920,30190,22630,4740,11300,30180,13000,23140,10150,20200,16130,22500,9080,7800,18620,2020,36040,6810,9430,19090,42910,16090,13710,33510,6870,31540,10000,26590,23500,23070,18120,12410,40130,49720,32440,41980,30190,102930,46970,51520,16230,29110,15630,9380,9430,19900,8690,18020,20460,14750,17110,9060,15230,9710,19550,2060,30770,25440,55190,16050,34300,17470,13870,14230,3250,18500,68830,18110,7890,32400,11600,25580,9650,11370,14200,23300,4320,20760,36710,18650,10900,20800,21020,22720,86410,11480,22090,47500,22540,9900,2290,7620,29490,14370,31450,37790,18660,68630,17610,14420,31920,27270,12180,10970,17040,13270,14620,20160,36090,6930,48050,40940,8660,18500,55830,43760,16390,6850,35580,16240,26950,41350,5320,13870,52400,22990,3710,18470,10270,20240,28330,23060,21580,17330,6970,13830,24590,12120,10270,15490,14160,18100,22200,11670,3460,11990,11350,23710,4410,4520,19880,14450,14620,13380,5980,7920,19940,9580,23230,6250,40710,13430,12260,30610,16600,18290,13420,8600,41090,13350,12930,15240,23910,20890,16380,42380,10700,5320,27780,9260,10050,17170,12080,1580,13650,18660,11480,60430,17890,23070,15070,17970,17510,20040,35080,4650,28560,59750,14320,21650,18340,8850,21100,14130,26280,15900,4100,8920,8760,28250,7880,39980,7060,12350,11270,8050,20090,18890,11390,7360,18230,8230,23930,9770,19890,4780,30750,40450,14270,44510,1740,39110,22350,27380,13230,32500,4680,22500,11440,5330,61000,23100,40670,29940,15170,8400,19110,18160,19270,18380,7820,3710,37030,38860,6580,13780,40640,9600,10590,10510,6090,15140,8710,23900,17320,46870,16450,46980,19440,22180,39210,21610,46890,14700,15570,7840,35940,19030,4360,10200,27140,18890,25060,4720,30270,28200,9930,34540,28450,9140,21150,27960,14610,22390,15250,5330,25020,7500,6920,9380,21620,13590,30970,35760,2170,1480,20660,25240,7190,14880,15460,27320,18100,44770,6140,14320,11710,10830,17590,18460,58400,14540,6290,20960,19770,22390,17050,12300,22170,13370,21500,33230,27540,59560,3280,20040,8160,13770,26200,8190,10650,19130,7040,11720,5530,16950,23300,7090,46200,11410,10470,21670,13650,28690,16650,48420,15940,9040,7980,12670,25930,55950,18060,39000,50050,53100,26510,8960,8890,11180,10490,6910,6960,3270,50130,27940,7270,8650,11780,19760,7620,7060,7720,3940,5010,12810,21180,21960,36840,3660,4530,21550,2760,24300,40280,9150,27080,16310,2790,4670,18850,6000,5910,9950,40970,2050,8220,8510,4610,6240,2800,42360,30820,15130,4060,9660,9300,10210,4746,7890,12700,6370,62380,10850
33270,17120,12270,2060,25560,58170,25510,27880,20070,11390,13680,23290,31980,14590,34690,3230,16840,18590,16060,5730,16910,26020,60200,62590,20010,21020,31000,8290,8320,35390,4780,5300,36060,6450,25390,5070,30220,20810,27720,60380,16300,44280,11520,35950,19000,30740,22800,4720,11650,31810,12850,23100,10130,20900,13590,23040,9190,7810,18800,2030,37010,6830,9440,19920,44190,16090,14470,33720,6880,32560,10040,28220,24020,23320,18100,12470,41120,51600,34030,43090,30850,104130,47540,53650,16410,29420,15820,9500,9440,19990,8680,18220,20880,15030,17410,9110,15600,9750,19900,2080,31000,26100,56320,16520,34730,17500,14280,14500,3520,18080,70100,18240,7800,32780,12100,25650,9990,10820,14380,23790,4300,21160,36290,18970,10980,20960,21010,23010,86450,11530,22110,49050,22830,10050,2320,7630,29660,14520,31840,38500,18700,69330,17490,14710,32620,28090,12270,11040,17700,13100,15060,20540,36810,6870,49870,41900,8990,19910,58600,44920,16400,6840,35600,16210,27460,42310,5310,13810,52780,23530,3710,18600,10510,20260,29920,23150,22260,17750,7020,14400,25280,12170,10450,14620,14300,18250,22200,11720,3530,12140,11400,24570,4400,4510,20210,14820,14580,13340,5970,7930,20310,9580,23930,6240,41950,13420,12350,31850,17110,18540,13450,8850,42570,13060,13220,15170,24460,21750,16450,43620,10800,5340,28240,9310,10160,17320,12190,1570,13940,18770,11290,62430,17890,23780,14980,17810,17570,20180,35890,4620,29050,61640,14950,21960,18420,8930,21150,14270,26660,16320,4090,9220,8820,29540,7870,40040,7070,12170,11270,8570,19570,18460,11430,7410,18840,8510,24480,9920,21110,4680,31550,42210,14480,45110,1730,39800,22140,28030,13540,34240,4760,22640,11470,5320,62380,23700,41150,30630,15260,8410,19150,18140,19640,18500,8120,3750,36330,39820,6730,13730,41220,9730,10840,10550,6140,15500,8780,23970,17240,49060,16740,48400,19590,22270,40180,21740,48400,14710,16510,7940,36650,19580,4450,10930,28400,19130,24800,4740,31360,28330,9930,35630,28850,9360,21620,29090,15000,22610,15390,5340,25340,7580,6910,9470,21790,13960,31530,36090,2270,1460,20720,25980,7200,15120,15640,27540,18540,45540,6150,14370,11820,11000,17710,18260,60100,14560,6340,21300,19330,20410,17580,12290,22290,13610,22260,34900,28310,60000,3020,19660,8090,13840,26170,8270,10720,20050,7130,11720,5550,16960,24430,7100,50380,11350,10710,21640,13770,29310,16660,49540,16300,9110,8200,12750,26630,58890,18120,40000,50390,54630,26930,8950,8910,11210,10510,6890,6950,3240,50880,27840,7260,8600,12590,20180,7680,7060,7740,3920,5060,13080,21050,22220,37120,3670,4520,21560,2730,24150,40350,9070,27300,16250,2780,4670,18230,6020,5860,9870,40840,2050,8200,8546,4600,6240,2780,43120,30660,15490,4040,9630,9920,10160,4730,7950,12880,6370,62280,10900
34010,18270,12350,2060,26260,60150,25700,28550,20020,11450,13650,23750,32570,14930,34600,3260,17490,18690,16900,6150,17210,26670,61490,64260,20380,21280,31410,8370,8560,36500,4780,5250,36980,6480,26500,5070,30780,21140,30580,62980,17050,44040,11820,36540,19230,31240,22730,4730,12120,33550,12960,23910,10290,21960,13810,23770,8950,7820,18920,2040,38840,6850,9530,20500,45500,16020,14600,34170,6960,34790,10130,29310,25120,24380,18160,12400,41680,53830,35900,43590,31130,104240,49000,54890,16840,29590,14490,9600,9570,19850,8890,18520,21150,15170,17750,9140,16210,9800,21540,2060,33590,26490,57530,17050,35690,17460,14810,14390,3790,18110,73760,18280,7750,33600,12820,25420,10010,10350,14540,24140,4140,21900,36470,19260,11240,20990,21590,23340,85600,11450,21860,51210,23330,10310,2360,7380,30040,14540,31980,39500,18640,70110,17980,15300,33530,28550,12510,11140,18100,12670,15430,20800,37040,6890,51040,43510,8800,21460,60530,46670,16620,6860,36030,16100,29210,42720,5260,13950,52820,24310,3660,18610,10730,20460,32610,23190,22870,18140,7120,14570,25860,12210,10130,15050,14300,18620,22520,11770,3630,12320,11590,25230,4380,4480,20980,15420,14440,13490,5960,8000,20770,9560,25380,6260,42880,13430,12420,32660,17900,18650,13430,9200,35910,13300,13650,15090,25140,22790,17090,44830,10870,5350,28460,9540,10190,17410,12470,1620,14450,18740,11510,64220,18070,23230,15200,17610,17840,20430,37010,4620,29180,63770,15470,21170,18520,8980,21360,14380,27730,16570,3880,9550,8950,30770,7850,40170,7040,11540,11470,8940,19460,18450,11490,7390,19800,8760,26080,10100,20680,4680,31710,44580,14650,45970,1740,40550,22490,28850,13120,35140,4880,23130,11640,5370,62570,24460,41860,31260,15330,8430,19310,18440,20560,18580,8630,3750,35420,40690,6910,13930,42160,9830,10750,10590,6350,15250,9000,24000,17320,51670,17150,49540,19700,22480,41260,21870,49310,14490,16380,8130,37680,19990,4420,12000,29660,18950,26820,4790,33480,28620,10070,37040,29300,9500,21620,29580,15370,23760,15670,5350,25790,7760,6840,9620,22060,14170,33940,36850,2520,1470,20750,26820,7280,15650,16140,27880,19270,46000,6170,14490,11910,11220,17700,18250,61870,14600,6450,21610,19880,19550,18290,12420,22780,13700,22810,36150,28800,60810,3210,20050,8130,13950,26880,8310,10840,20840,7240,11870,5590,17250,25380,7160,55060,11470,11000,21770,14050,30770,16810,50890,16970,9380,8360,12830,27400,61890,18480,40990,50720,56810,28550,8930,9150,11320,10380,6690,6970,3140,52430,28090,7240,8560,13780,20430,7880,7410,7660,3960,5100,13440,21050,22940,37480,3490,4510,21960,2700,24080,40310,9070,27580,16220,2740,4850,21030,6000,5560,9790,40830,2040,8140,8500,4620,6180,2770,44280,30400,16010,4110,9380,10460,10300,4680,8260,13360,6380,62630,10710
