"","."
"1",1891
"2",1891.01
"3",1891.02
"4",1891.03
"5",1891.04
"6",1891.05
"7",1891.06
"8",1891.07
"9",1891.08
"10",1891.09
"11",1891.1
"12",1891.11
"13",1891.12
"14",1891.13
"15",1891.14
"16",1891.15
"17",1891.16
"18",1891.17
"19",1891.18
"20",1891.19
"21",1891.2
"22",1891.21
"23",1891.22
"24",1891.23
"25",1891.24
"26",1891.25
"27",1891.26
"28",1891.27
"29",1891.28
"30",1891.29
"31",1891.3
"32",1891.31
"33",1891.32
"34",1891.33
"35",1891.34
"36",1891.35
"37",1891.36
"38",1891.37
"39",1891.38
"40",1891.39
"41",1891.4
"42",1891.41
"43",1891.42
"44",1891.43
"45",1891.44
"46",1891.45
"47",1891.46
"48",1891.47
"49",1891.48
"50",1891.49
"51",1891.5
"52",1891.51
"53",1891.52
"54",1891.53
"55",1891.54
"56",1891.55
"57",1891.56
"58",1891.57
"59",1891.58
"60",1891.59
"61",1891.6
"62",1891.61
"63",1891.62
"64",1891.63
"65",1891.64
"66",1891.65
"67",1891.66
"68",1891.67
"69",1891.68
"70",1891.69
"71",1891.7
"72",1891.71
"73",1891.72
"74",1891.73
"75",1891.74
"76",1891.75
"77",1891.76
"78",1891.77
"79",1891.78
"80",1891.79
"81",1891.8
"82",1891.81
"83",1891.82
"84",1891.83
"85",1891.84
"86",1891.85
"87",1891.86
"88",1891.87
"89",1891.88
"90",1891.89
"91",1891.9
"92",1891.91
"93",1891.92
"94",1891.93
"95",1891.94
"96",1891.95
"97",1891.96
"98",1891.97
"99",1891.98
"100",1891.99
"101",1892
"102",1892.01
"103",1892.02
"104",1892.03
"105",1892.04
"106",1892.05
"107",1892.06
"108",1892.07
"109",1892.08
"110",1892.09
"111",1892.1
"112",1892.11
"113",1892.12
"114",1892.13
"115",1892.14
"116",1892.15
"117",1892.16
"118",1892.17
"119",1892.18
"120",1892.19
"121",1892.2
"122",1892.21
"123",1892.22
"124",1892.23
"125",1892.24
"126",1892.25
"127",1892.26
"128",1892.27
"129",1892.28
"130",1892.29
"131",1892.3
"132",1892.31
"133",1892.32
"134",1892.33
"135",1892.34
"136",1892.35
"137",1892.36
"138",1892.37
"139",1892.38
"140",1892.39
"141",1892.4
"142",1892.41
"143",1892.42
"144",1892.43
"145",1892.44
"146",1892.45
"147",1892.46
"148",1892.47
"149",1892.48
"150",1892.49
"151",1892.5
"152",1892.51
"153",1892.52
"154",1892.53
"155",1892.54
"156",1892.55
"157",1892.56
"158",1892.57
"159",1892.58
"160",1892.59
"161",1892.6
"162",1892.61
"163",1892.62
"164",1892.63
"165",1892.64
"166",1892.65
"167",1892.66
"168",1892.67
"169",1892.68
"170",1892.69
"171",1892.7
"172",1892.71
"173",1892.72
"174",1892.73
"175",1892.74
"176",1892.75
"177",1892.76
"178",1892.77
"179",1892.78
"180",1892.79
"181",1892.8
"182",1892.81
"183",1892.82
"184",1892.83
"185",1892.84
"186",1892.85
"187",1892.86
"188",1892.87
"189",1892.88
"190",1892.89
"191",1892.9
"192",1892.91
"193",1892.92
"194",1892.93
"195",1892.94
"196",1892.95
"197",1892.96
"198",1892.97
"199",1892.98
"200",1892.99
"201",1893
"202",1893.01
"203",1893.02
"204",1893.03
"205",1893.04
"206",1893.05
"207",1893.06
"208",1893.07
"209",1893.08
"210",1893.09
"211",1893.1
"212",1893.11
"213",1893.12
"214",1893.13
"215",1893.14
"216",1893.15
"217",1893.16
"218",1893.17
"219",1893.18
"220",1893.19
"221",1893.2
"222",1893.21
"223",1893.22
"224",1893.23
"225",1893.24
"226",1893.25
"227",1893.26
"228",1893.27
"229",1893.28
"230",1893.29
"231",1893.3
"232",1893.31
"233",1893.32
"234",1893.33
"235",1893.34
"236",1893.35
"237",1893.36
"238",1893.37
"239",1893.38
"240",1893.39
"241",1893.4
"242",1893.41
"243",1893.42
"244",1893.43
"245",1893.44
"246",1893.45
"247",1893.46
"248",1893.47
"249",1893.48
"250",1893.49
"251",1893.5
"252",1893.51
"253",1893.52
"254",1893.53
"255",1893.54
"256",1893.55
"257",1893.56
"258",1893.57
"259",1893.58
"260",1893.59
"261",1893.6
"262",1893.61
"263",1893.62
"264",1893.63
"265",1893.64
"266",1893.65
"267",1893.66
"268",1893.67
"269",1893.68
"270",1893.69
"271",1893.7
"272",1893.71
"273",1893.72
"274",1893.73
"275",1893.74
"276",1893.75
"277",1893.76
"278",1893.77
"279",1893.78
"280",1893.79
"281",1893.8
"282",1893.81
"283",1893.82
"284",1893.83
"285",1893.84
"286",1893.85
"287",1893.86
"288",1893.87
"289",1893.88
"290",1893.89
"291",1893.9
"292",1893.91
"293",1893.92
"294",1893.93
"295",1893.94
"296",1893.95
"297",1893.96
"298",1893.97
"299",1893.98
"300",1893.99
"301",1894
"302",1894.01
"303",1894.02
"304",1894.03
"305",1894.04
"306",1894.05
"307",1894.06
"308",1894.07
"309",1894.08
"310",1894.09
"311",1894.1
"312",1894.11
"313",1894.12
"314",1894.13
"315",1894.14
"316",1894.15
"317",1894.16
"318",1894.17
"319",1894.18
"320",1894.19
"321",1894.2
"322",1894.21
"323",1894.22
"324",1894.23
"325",1894.24
"326",1894.25
"327",1894.26
"328",1894.27
"329",1894.28
"330",1894.29
"331",1894.3
"332",1894.31
"333",1894.32
"334",1894.33
"335",1894.34
"336",1894.35
"337",1894.36
"338",1894.37
"339",1894.38
"340",1894.39
"341",1894.4
"342",1894.41
"343",1894.42
"344",1894.43
"345",1894.44
"346",1894.45
"347",1894.46
"348",1894.47
"349",1894.48
"350",1894.49
"351",1894.5
"352",1894.51
"353",1894.52
"354",1894.53
"355",1894.54
"356",1894.55
"357",1894.56
"358",1894.57
"359",1894.58
"360",1894.59
"361",1894.6
"362",1894.61
"363",1894.62
"364",1894.63
"365",1894.64
"366",1894.65
"367",1894.66
"368",1894.67
"369",1894.68
"370",1894.69
"371",1894.7
"372",1894.71
"373",1894.72
"374",1894.73
"375",1894.74
"376",1894.75
"377",1894.76
"378",1894.77
"379",1894.78
"380",1894.79
"381",1894.8
"382",1894.81
"383",1894.82
"384",1894.83
"385",1894.84
"386",1894.85
"387",1894.86
"388",1894.87
"389",1894.88
"390",1894.89
"391",1894.9
"392",1894.91
"393",1894.92
"394",1894.93
"395",1894.94
"396",1894.95
"397",1894.96
"398",1894.97
"399",1894.98
"400",1894.99
"401",1895
"402",1895.01
"403",1895.02
"404",1895.03
"405",1895.04
"406",1895.05
"407",1895.06
"408",1895.07
"409",1895.08
"410",1895.09
"411",1895.1
"412",1895.11
"413",1895.12
"414",1895.13
"415",1895.14
"416",1895.15
"417",1895.16
"418",1895.17
"419",1895.18
"420",1895.19
"421",1895.2
"422",1895.21
"423",1895.22
"424",1895.23
"425",1895.24
"426",1895.25
"427",1895.26
"428",1895.27
"429",1895.28
"430",1895.29
"431",1895.3
"432",1895.31
"433",1895.32
"434",1895.33
"435",1895.34
"436",1895.35
"437",1895.36
"438",1895.37
"439",1895.38
"440",1895.39
"441",1895.4
"442",1895.41
"443",1895.42
"444",1895.43
"445",1895.44
"446",1895.45
"447",1895.46
"448",1895.47
"449",1895.48
"450",1895.49
"451",1895.5
"452",1895.51
"453",1895.52
"454",1895.53
"455",1895.54
"456",1895.55
"457",1895.56
"458",1895.57
"459",1895.58
"460",1895.59
"461",1895.6
"462",1895.61
"463",1895.62
"464",1895.63
"465",1895.64
"466",1895.65
"467",1895.66
"468",1895.67
"469",1895.68
"470",1895.69
"471",1895.7
"472",1895.71
"473",1895.72
"474",1895.73
"475",1895.74
"476",1895.75
"477",1895.76
"478",1895.77
"479",1895.78
"480",1895.79
"481",1895.8
"482",1895.81
"483",1895.82
"484",1895.83
"485",1895.84
"486",1895.85
"487",1895.86
"488",1895.87
"489",1895.88
"490",1895.89
"491",1895.9
"492",1895.91
"493",1895.92
"494",1895.93
"495",1895.94
"496",1895.95
"497",1895.96
"498",1895.97
"499",1895.98
"500",1895.99
"501",1896
"502",1896.01
"503",1896.02
"504",1896.03
"505",1896.04
"506",1896.05
"507",1896.06
"508",1896.07
"509",1896.08
"510",1896.09
"511",1896.1
"512",1896.11
"513",1896.12
"514",1896.13
"515",1896.14
"516",1896.15
"517",1896.16
"518",1896.17
"519",1896.18
"520",1896.19
"521",1896.2
"522",1896.21
"523",1896.22
"524",1896.23
"525",1896.24
"526",1896.25
"527",1896.26
"528",1896.27
"529",1896.28
"530",1896.29
"531",1896.3
"532",1896.31
"533",1896.32
"534",1896.33
"535",1896.34
"536",1896.35
"537",1896.36
"538",1896.37
"539",1896.38
"540",1896.39
"541",1896.4
"542",1896.41
"543",1896.42
"544",1896.43
"545",1896.44
"546",1896.45
"547",1896.46
"548",1896.47
"549",1896.48
"550",1896.49
"551",1896.5
"552",1896.51
"553",1896.52
"554",1896.53
"555",1896.54
"556",1896.55
"557",1896.56
"558",1896.57
"559",1896.58
"560",1896.59
"561",1896.6
"562",1896.61
"563",1896.62
"564",1896.63
"565",1896.64
"566",1896.65
"567",1896.66
"568",1896.67
"569",1896.68
"570",1896.69
"571",1896.7
"572",1896.71
"573",1896.72
"574",1896.73
"575",1896.74
"576",1896.75
"577",1896.76
"578",1896.77
"579",1896.78
"580",1896.79
"581",1896.8
"582",1896.81
"583",1896.82
"584",1896.83
"585",1896.84
"586",1896.85
"587",1896.86
"588",1896.87
"589",1896.88
"590",1896.89
"591",1896.9
"592",1896.91
"593",1896.92
"594",1896.93
"595",1896.94
"596",1896.95
"597",1896.96
"598",1896.97
"599",1896.98
"600",1896.99
"601",1897
"602",1897.01
"603",1897.02
"604",1897.03
"605",1897.04
"606",1897.05
"607",1897.06
"608",1897.07
"609",1897.08
"610",1897.09
"611",1897.1
"612",1897.11
"613",1897.12
"614",1897.13
"615",1897.14
"616",1897.15
"617",1897.16
"618",1897.17
"619",1897.18
"620",1897.19
"621",1897.2
"622",1897.21
"623",1897.22
"624",1897.23
"625",1897.24
"626",1897.25
"627",1897.26
"628",1897.27
"629",1897.28
"630",1897.29
"631",1897.3
"632",1897.31
"633",1897.32
"634",1897.33
"635",1897.34
"636",1897.35
"637",1897.36
"638",1897.37
"639",1897.38
"640",1897.39
"641",1897.4
"642",1897.41
"643",1897.42
"644",1897.43
"645",1897.44
"646",1897.45
"647",1897.46
"648",1897.47
"649",1897.48
"650",1897.49
"651",1897.5
"652",1897.51
"653",1897.52
"654",1897.53
"655",1897.54
"656",1897.55
"657",1897.56
"658",1897.57
"659",1897.58
"660",1897.59
"661",1897.6
"662",1897.61
"663",1897.62
"664",1897.63
"665",1897.64
"666",1897.65
"667",1897.66
"668",1897.67
"669",1897.68
"670",1897.69
"671",1897.7
"672",1897.71
"673",1897.72
"674",1897.73
"675",1897.74
"676",1897.75
"677",1897.76
"678",1897.77
"679",1897.78
"680",1897.79
"681",1897.8
"682",1897.81
"683",1897.82
"684",1897.83
"685",1897.84
"686",1897.85
"687",1897.86
"688",1897.87
"689",1897.88
"690",1897.89
"691",1897.9
"692",1897.91
"693",1897.92
"694",1897.93
"695",1897.94
"696",1897.95
"697",1897.96
"698",1897.97
"699",1897.98
"700",1897.99
"701",1898
"702",1898.01
"703",1898.02
"704",1898.03
"705",1898.04
"706",1898.05
"707",1898.06
"708",1898.07
"709",1898.08
"710",1898.09
"711",1898.1
"712",1898.11
"713",1898.12
"714",1898.13
"715",1898.14
"716",1898.15
"717",1898.16
"718",1898.17
"719",1898.18
"720",1898.19
"721",1898.2
"722",1898.21
"723",1898.22
"724",1898.23
"725",1898.24
"726",1898.25
"727",1898.26
"728",1898.27
"729",1898.28
"730",1898.29
"731",1898.3
"732",1898.31
"733",1898.32
"734",1898.33
"735",1898.34
"736",1898.35
"737",1898.36
"738",1898.37
"739",1898.38
"740",1898.39
"741",1898.4
"742",1898.41
"743",1898.42
"744",1898.43
"745",1898.44
"746",1898.45
"747",1898.46
"748",1898.47
"749",1898.48
"750",1898.49
"751",1898.5
"752",1898.51
"753",1898.52
"754",1898.53
"755",1898.54
"756",1898.55
"757",1898.56
"758",1898.57
"759",1898.58
"760",1898.59
"761",1898.6
"762",1898.61
"763",1898.62
"764",1898.63
"765",1898.64
"766",1898.65
"767",1898.66
"768",1898.67
"769",1898.68
"770",1898.69
"771",1898.7
"772",1898.71
"773",1898.72
"774",1898.73
"775",1898.74
"776",1898.75
"777",1898.76
"778",1898.77
"779",1898.78
"780",1898.79
"781",1898.8
"782",1898.81
"783",1898.82
"784",1898.83
"785",1898.84
"786",1898.85
"787",1898.86
"788",1898.87
"789",1898.88
"790",1898.89
"791",1898.9
"792",1898.91
"793",1898.92
"794",1898.93
"795",1898.94
"796",1898.95
"797",1898.96
"798",1898.97
"799",1898.98
"800",1898.99
"801",1899
"802",1899.01
"803",1899.02
"804",1899.03
"805",1899.04
"806",1899.05
"807",1899.06
"808",1899.07
"809",1899.08
"810",1899.09
"811",1899.1
"812",1899.11
"813",1899.12
"814",1899.13
"815",1899.14
"816",1899.15
"817",1899.16
"818",1899.17
"819",1899.18
"820",1899.19
"821",1899.2
"822",1899.21
"823",1899.22
"824",1899.23
"825",1899.24
"826",1899.25
"827",1899.26
"828",1899.27
"829",1899.28
"830",1899.29
"831",1899.3
"832",1899.31
"833",1899.32
"834",1899.33
"835",1899.34
"836",1899.35
"837",1899.36
"838",1899.37
"839",1899.38
"840",1899.39
"841",1899.4
"842",1899.41
"843",1899.42
"844",1899.43
"845",1899.44
"846",1899.45
"847",1899.46
"848",1899.47
"849",1899.48
"850",1899.49
"851",1899.5
"852",1899.51
"853",1899.52
"854",1899.53
"855",1899.54
"856",1899.55
"857",1899.56
"858",1899.57
"859",1899.58
"860",1899.59
"861",1899.6
"862",1899.61
"863",1899.62
"864",1899.63
"865",1899.64
"866",1899.65
"867",1899.66
"868",1899.67
"869",1899.68
"870",1899.69
"871",1899.7
"872",1899.71
"873",1899.72
"874",1899.73
"875",1899.74
"876",1899.75
"877",1899.76
"878",1899.77
"879",1899.78
"880",1899.79
"881",1899.8
"882",1899.81
"883",1899.82
"884",1899.83
"885",1899.84
"886",1899.85
"887",1899.86
"888",1899.87
"889",1899.88
"890",1899.89
"891",1899.9
"892",1899.91
"893",1899.92
"894",1899.93
"895",1899.94
"896",1899.95
"897",1899.96
"898",1899.97
"899",1899.98
"900",1899.99
"901",1900
"902",1900.01
"903",1900.02
"904",1900.03
"905",1900.04
"906",1900.05
"907",1900.06
"908",1900.07
"909",1900.08
"910",1900.09
"911",1900.1
"912",1900.11
"913",1900.12
"914",1900.13
"915",1900.14
"916",1900.15
"917",1900.16
"918",1900.17
"919",1900.18
"920",1900.19
"921",1900.2
"922",1900.21
"923",1900.22
"924",1900.23
"925",1900.24
"926",1900.25
"927",1900.26
"928",1900.27
"929",1900.28
"930",1900.29
"931",1900.3
"932",1900.31
"933",1900.32
"934",1900.33
"935",1900.34
"936",1900.35
"937",1900.36
"938",1900.37
"939",1900.38
"940",1900.39
"941",1900.4
"942",1900.41
"943",1900.42
"944",1900.43
"945",1900.44
"946",1900.45
"947",1900.46
"948",1900.47
"949",1900.48
"950",1900.49
"951",1900.5
"952",1900.51
"953",1900.52
"954",1900.53
"955",1900.54
"956",1900.55
"957",1900.56
"958",1900.57
"959",1900.58
"960",1900.59
"961",1900.6
"962",1900.61
"963",1900.62
"964",1900.63
"965",1900.64
"966",1900.65
"967",1900.66
"968",1900.67
"969",1900.68
"970",1900.69
"971",1900.7
"972",1900.71
"973",1900.72
"974",1900.73
"975",1900.74
"976",1900.75
"977",1900.76
"978",1900.77
"979",1900.78
"980",1900.79
"981",1900.8
"982",1900.81
"983",1900.82
"984",1900.83
"985",1900.84
"986",1900.85
"987",1900.86
"988",1900.87
"989",1900.88
"990",1900.89
"991",1900.9
"992",1900.91
"993",1900.92
"994",1900.93
"995",1900.94
"996",1900.95
"997",1900.96
"998",1900.97
"999",1900.98
"1000",1900.99
"1001",1901
"1002",1901.01
"1003",1901.02
"1004",1901.03
"1005",1901.04
"1006",1901.05
"1007",1901.06
"1008",1901.07
"1009",1901.08
"1010",1901.09
"1011",1901.1
"1012",1901.11
"1013",1901.12
"1014",1901.13
"1015",1901.14
"1016",1901.15
"1017",1901.16
"1018",1901.17
"1019",1901.18
"1020",1901.19
"1021",1901.2
"1022",1901.21
"1023",1901.22
"1024",1901.23
"1025",1901.24
"1026",1901.25
"1027",1901.26
"1028",1901.27
"1029",1901.28
"1030",1901.29
"1031",1901.3
"1032",1901.31
"1033",1901.32
"1034",1901.33
"1035",1901.34
"1036",1901.35
"1037",1901.36
"1038",1901.37
"1039",1901.38
"1040",1901.39
"1041",1901.4
"1042",1901.41
"1043",1901.42
"1044",1901.43
"1045",1901.44
"1046",1901.45
"1047",1901.46
"1048",1901.47
"1049",1901.48
"1050",1901.49
"1051",1901.5
"1052",1901.51
"1053",1901.52
"1054",1901.53
"1055",1901.54
"1056",1901.55
"1057",1901.56
"1058",1901.57
"1059",1901.58
"1060",1901.59
"1061",1901.6
"1062",1901.61
"1063",1901.62
"1064",1901.63
"1065",1901.64
"1066",1901.65
"1067",1901.66
"1068",1901.67
"1069",1901.68
"1070",1901.69
"1071",1901.7
"1072",1901.71
"1073",1901.72
"1074",1901.73
"1075",1901.74
"1076",1901.75
"1077",1901.76
"1078",1901.77
"1079",1901.78
"1080",1901.79
"1081",1901.8
"1082",1901.81
"1083",1901.82
"1084",1901.83
"1085",1901.84
"1086",1901.85
"1087",1901.86
"1088",1901.87
"1089",1901.88
"1090",1901.89
"1091",1901.9
"1092",1901.91
"1093",1901.92
"1094",1901.93
"1095",1901.94
"1096",1901.95
"1097",1901.96
"1098",1901.97
"1099",1901.98
"1100",1901.99
"1101",1902
"1102",1902.01
"1103",1902.02
"1104",1902.03
"1105",1902.04
"1106",1902.05
"1107",1902.06
"1108",1902.07
"1109",1902.08
"1110",1902.09
"1111",1902.1
"1112",1902.11
"1113",1902.12
"1114",1902.13
"1115",1902.14
"1116",1902.15
"1117",1902.16
"1118",1902.17
"1119",1902.18
"1120",1902.19
"1121",1902.2
"1122",1902.21
"1123",1902.22
"1124",1902.23
"1125",1902.24
"1126",1902.25
"1127",1902.26
"1128",1902.27
"1129",1902.28
"1130",1902.29
"1131",1902.3
"1132",1902.31
"1133",1902.32
"1134",1902.33
"1135",1902.34
"1136",1902.35
"1137",1902.36
"1138",1902.37
"1139",1902.38
"1140",1902.39
"1141",1902.4
"1142",1902.41
"1143",1902.42
"1144",1902.43
"1145",1902.44
"1146",1902.45
"1147",1902.46
"1148",1902.47
"1149",1902.48
"1150",1902.49
"1151",1902.5
"1152",1902.51
"1153",1902.52
"1154",1902.53
"1155",1902.54
"1156",1902.55
"1157",1902.56
"1158",1902.57
"1159",1902.58
"1160",1902.59
"1161",1902.6
"1162",1902.61
"1163",1902.62
"1164",1902.63
"1165",1902.64
"1166",1902.65
"1167",1902.66
"1168",1902.67
"1169",1902.68
"1170",1902.69
"1171",1902.7
"1172",1902.71
"1173",1902.72
"1174",1902.73
"1175",1902.74
"1176",1902.75
"1177",1902.76
"1178",1902.77
"1179",1902.78
"1180",1902.79
"1181",1902.8
"1182",1902.81
"1183",1902.82
"1184",1902.83
"1185",1902.84
"1186",1902.85
"1187",1902.86
"1188",1902.87
"1189",1902.88
"1190",1902.89
"1191",1902.9
"1192",1902.91
"1193",1902.92
"1194",1902.93
"1195",1902.94
"1196",1902.95
"1197",1902.96
"1198",1902.97
"1199",1902.98
"1200",1902.99
"1201",1903
"1202",1903.01
"1203",1903.02
"1204",1903.03
"1205",1903.04
"1206",1903.05
"1207",1903.06
"1208",1903.07
"1209",1903.08
"1210",1903.09
"1211",1903.1
"1212",1903.11
"1213",1903.12
"1214",1903.13
"1215",1903.14
"1216",1903.15
"1217",1903.16
"1218",1903.17
"1219",1903.18
"1220",1903.19
"1221",1903.2
"1222",1903.21
"1223",1903.22
"1224",1903.23
"1225",1903.24
"1226",1903.25
"1227",1903.26
"1228",1903.27
"1229",1903.28
"1230",1903.29
"1231",1903.3
"1232",1903.31
"1233",1903.32
"1234",1903.33
"1235",1903.34
"1236",1903.35
"1237",1903.36
"1238",1903.37
"1239",1903.38
"1240",1903.39
"1241",1903.4
"1242",1903.41
"1243",1903.42
"1244",1903.43
"1245",1903.44
"1246",1903.45
"1247",1903.46
"1248",1903.47
"1249",1903.48
"1250",1903.49
"1251",1903.5
"1252",1903.51
"1253",1903.52
"1254",1903.53
"1255",1903.54
"1256",1903.55
"1257",1903.56
"1258",1903.57
"1259",1903.58
"1260",1903.59
"1261",1903.6
"1262",1903.61
"1263",1903.62
"1264",1903.63
"1265",1903.64
"1266",1903.65
"1267",1903.66
"1268",1903.67
"1269",1903.68
"1270",1903.69
"1271",1903.7
"1272",1903.71
"1273",1903.72
"1274",1903.73
"1275",1903.74
"1276",1903.75
"1277",1903.76
"1278",1903.77
"1279",1903.78
"1280",1903.79
"1281",1903.8
"1282",1903.81
"1283",1903.82
"1284",1903.83
"1285",1903.84
"1286",1903.85
"1287",1903.86
"1288",1903.87
"1289",1903.88
"1290",1903.89
"1291",1903.9
"1292",1903.91
"1293",1903.92
"1294",1903.93
"1295",1903.94
"1296",1903.95
"1297",1903.96
"1298",1903.97
"1299",1903.98
"1300",1903.99
"1301",1904
"1302",1904.01
"1303",1904.02
"1304",1904.03
"1305",1904.04
"1306",1904.05
"1307",1904.06
"1308",1904.07
"1309",1904.08
"1310",1904.09
"1311",1904.1
"1312",1904.11
"1313",1904.12
"1314",1904.13
"1315",1904.14
"1316",1904.15
"1317",1904.16
"1318",1904.17
"1319",1904.18
"1320",1904.19
"1321",1904.2
"1322",1904.21
"1323",1904.22
"1324",1904.23
"1325",1904.24
"1326",1904.25
"1327",1904.26
"1328",1904.27
"1329",1904.28
"1330",1904.29
"1331",1904.3
"1332",1904.31
"1333",1904.32
"1334",1904.33
"1335",1904.34
"1336",1904.35
"1337",1904.36
"1338",1904.37
"1339",1904.38
"1340",1904.39
"1341",1904.4
"1342",1904.41
"1343",1904.42
"1344",1904.43
"1345",1904.44
"1346",1904.45
"1347",1904.46
"1348",1904.47
"1349",1904.48
"1350",1904.49
"1351",1904.5
"1352",1904.51
"1353",1904.52
"1354",1904.53
"1355",1904.54
"1356",1904.55
"1357",1904.56
"1358",1904.57
"1359",1904.58
"1360",1904.59
"1361",1904.6
"1362",1904.61
"1363",1904.62
"1364",1904.63
"1365",1904.64
"1366",1904.65
"1367",1904.66
"1368",1904.67
"1369",1904.68
"1370",1904.69
"1371",1904.7
"1372",1904.71
"1373",1904.72
"1374",1904.73
"1375",1904.74
"1376",1904.75
"1377",1904.76
"1378",1904.77
"1379",1904.78
"1380",1904.79
"1381",1904.8
"1382",1904.81
"1383",1904.82
"1384",1904.83
"1385",1904.84
"1386",1904.85
"1387",1904.86
"1388",1904.87
"1389",1904.88
"1390",1904.89
"1391",1904.9
"1392",1904.91
"1393",1904.92
"1394",1904.93
"1395",1904.94
"1396",1904.95
"1397",1904.96
"1398",1904.97
"1399",1904.98
"1400",1904.99
"1401",1905
"1402",1905.01
"1403",1905.02
"1404",1905.03
"1405",1905.04
"1406",1905.05
"1407",1905.06
"1408",1905.07
"1409",1905.08
"1410",1905.09
"1411",1905.1
"1412",1905.11
"1413",1905.12
"1414",1905.13
"1415",1905.14
"1416",1905.15
"1417",1905.16
"1418",1905.17
"1419",1905.18
"1420",1905.19
"1421",1905.2
"1422",1905.21
"1423",1905.22
"1424",1905.23
"1425",1905.24
"1426",1905.25
"1427",1905.26
"1428",1905.27
"1429",1905.28
"1430",1905.29
"1431",1905.3
"1432",1905.31
"1433",1905.32
"1434",1905.33
"1435",1905.34
"1436",1905.35
"1437",1905.36
"1438",1905.37
"1439",1905.38
"1440",1905.39
"1441",1905.4
"1442",1905.41
"1443",1905.42
"1444",1905.43
"1445",1905.44
"1446",1905.45
"1447",1905.46
"1448",1905.47
"1449",1905.48
"1450",1905.49
"1451",1905.5
"1452",1905.51
"1453",1905.52
"1454",1905.53
"1455",1905.54
"1456",1905.55
"1457",1905.56
"1458",1905.57
"1459",1905.58
"1460",1905.59
"1461",1905.6
"1462",1905.61
"1463",1905.62
"1464",1905.63
"1465",1905.64
"1466",1905.65
"1467",1905.66
"1468",1905.67
"1469",1905.68
"1470",1905.69
"1471",1905.7
"1472",1905.71
"1473",1905.72
"1474",1905.73
"1475",1905.74
"1476",1905.75
"1477",1905.76
"1478",1905.77
"1479",1905.78
"1480",1905.79
"1481",1905.8
"1482",1905.81
"1483",1905.82
"1484",1905.83
"1485",1905.84
"1486",1905.85
"1487",1905.86
"1488",1905.87
"1489",1905.88
"1490",1905.89
"1491",1905.9
"1492",1905.91
"1493",1905.92
"1494",1905.93
"1495",1905.94
"1496",1905.95
"1497",1905.96
"1498",1905.97
"1499",1905.98
"1500",1905.99
"1501",1906
"1502",1906.01
"1503",1906.02
"1504",1906.03
"1505",1906.04
"1506",1906.05
"1507",1906.06
"1508",1906.07
"1509",1906.08
"1510",1906.09
"1511",1906.1
"1512",1906.11
"1513",1906.12
"1514",1906.13
"1515",1906.14
"1516",1906.15
"1517",1906.16
"1518",1906.17
"1519",1906.18
"1520",1906.19
"1521",1906.2
"1522",1906.21
"1523",1906.22
"1524",1906.23
"1525",1906.24
"1526",1906.25
"1527",1906.26
"1528",1906.27
"1529",1906.28
"1530",1906.29
"1531",1906.3
"1532",1906.31
"1533",1906.32
"1534",1906.33
"1535",1906.34
"1536",1906.35
"1537",1906.36
"1538",1906.37
"1539",1906.38
"1540",1906.39
"1541",1906.4
"1542",1906.41
"1543",1906.42
"1544",1906.43
"1545",1906.44
"1546",1906.45
"1547",1906.46
"1548",1906.47
"1549",1906.48
"1550",1906.49
"1551",1906.5
"1552",1906.51
"1553",1906.52
"1554",1906.53
"1555",1906.54
"1556",1906.55
"1557",1906.56
"1558",1906.57
"1559",1906.58
"1560",1906.59
"1561",1906.6
"1562",1906.61
"1563",1906.62
"1564",1906.63
"1565",1906.64
"1566",1906.65
"1567",1906.66
"1568",1906.67
"1569",1906.68
"1570",1906.69
"1571",1906.7
"1572",1906.71
"1573",1906.72
"1574",1906.73
"1575",1906.74
"1576",1906.75
"1577",1906.76
"1578",1906.77
"1579",1906.78
"1580",1906.79
"1581",1906.8
"1582",1906.81
"1583",1906.82
"1584",1906.83
"1585",1906.84
"1586",1906.85
"1587",1906.86
"1588",1906.87
"1589",1906.88
"1590",1906.89
"1591",1906.9
"1592",1906.91
"1593",1906.92
"1594",1906.93
"1595",1906.94
"1596",1906.95
"1597",1906.96
"1598",1906.97
"1599",1906.98
"1600",1906.99
"1601",1907
"1602",1907.01
"1603",1907.02
"1604",1907.03
"1605",1907.04
"1606",1907.05
"1607",1907.06
"1608",1907.07
"1609",1907.08
"1610",1907.09
"1611",1907.1
"1612",1907.11
"1613",1907.12
"1614",1907.13
"1615",1907.14
"1616",1907.15
"1617",1907.16
"1618",1907.17
"1619",1907.18
"1620",1907.19
"1621",1907.2
"1622",1907.21
"1623",1907.22
"1624",1907.23
"1625",1907.24
"1626",1907.25
"1627",1907.26
"1628",1907.27
"1629",1907.28
"1630",1907.29
"1631",1907.3
"1632",1907.31
"1633",1907.32
"1634",1907.33
"1635",1907.34
"1636",1907.35
"1637",1907.36
"1638",1907.37
"1639",1907.38
"1640",1907.39
"1641",1907.4
"1642",1907.41
"1643",1907.42
"1644",1907.43
"1645",1907.44
"1646",1907.45
"1647",1907.46
"1648",1907.47
"1649",1907.48
"1650",1907.49
"1651",1907.5
"1652",1907.51
"1653",1907.52
"1654",1907.53
"1655",1907.54
"1656",1907.55
"1657",1907.56
"1658",1907.57
"1659",1907.58
"1660",1907.59
"1661",1907.6
"1662",1907.61
"1663",1907.62
"1664",1907.63
"1665",1907.64
"1666",1907.65
"1667",1907.66
"1668",1907.67
"1669",1907.68
"1670",1907.69
"1671",1907.7
"1672",1907.71
"1673",1907.72
"1674",1907.73
"1675",1907.74
"1676",1907.75
"1677",1907.76
"1678",1907.77
"1679",1907.78
"1680",1907.79
"1681",1907.8
"1682",1907.81
"1683",1907.82
"1684",1907.83
"1685",1907.84
"1686",1907.85
"1687",1907.86
"1688",1907.87
"1689",1907.88
"1690",1907.89
"1691",1907.9
"1692",1907.91
"1693",1907.92
"1694",1907.93
"1695",1907.94
"1696",1907.95
"1697",1907.96
"1698",1907.97
"1699",1907.98
"1700",1907.99
"1701",1908
"1702",1908.01
"1703",1908.02
"1704",1908.03
"1705",1908.04
"1706",1908.05
"1707",1908.06
"1708",1908.07
"1709",1908.08
"1710",1908.09
"1711",1908.1
"1712",1908.11
"1713",1908.12
"1714",1908.13
"1715",1908.14
"1716",1908.15
"1717",1908.16
"1718",1908.17
"1719",1908.18
"1720",1908.19
"1721",1908.2
"1722",1908.21
"1723",1908.22
"1724",1908.23
"1725",1908.24
"1726",1908.25
"1727",1908.26
"1728",1908.27
"1729",1908.28
"1730",1908.29
"1731",1908.3
"1732",1908.31
"1733",1908.32
"1734",1908.33
"1735",1908.34
"1736",1908.35
"1737",1908.36
"1738",1908.37
"1739",1908.38
"1740",1908.39
"1741",1908.4
"1742",1908.41
"1743",1908.42
"1744",1908.43
"1745",1908.44
"1746",1908.45
"1747",1908.46
"1748",1908.47
"1749",1908.48
"1750",1908.49
"1751",1908.5
"1752",1908.51
"1753",1908.52
"1754",1908.53
"1755",1908.54
"1756",1908.55
"1757",1908.56
"1758",1908.57
"1759",1908.58
"1760",1908.59
"1761",1908.6
"1762",1908.61
"1763",1908.62
"1764",1908.63
"1765",1908.64
"1766",1908.65
"1767",1908.66
"1768",1908.67
"1769",1908.68
"1770",1908.69
"1771",1908.7
"1772",1908.71
"1773",1908.72
"1774",1908.73
"1775",1908.74
"1776",1908.75
"1777",1908.76
"1778",1908.77
"1779",1908.78
"1780",1908.79
"1781",1908.8
"1782",1908.81
"1783",1908.82
"1784",1908.83
"1785",1908.84
"1786",1908.85
"1787",1908.86
"1788",1908.87
"1789",1908.88
"1790",1908.89
"1791",1908.9
"1792",1908.91
"1793",1908.92
"1794",1908.93
"1795",1908.94
"1796",1908.95
"1797",1908.96
"1798",1908.97
"1799",1908.98
"1800",1908.99
"1801",1909
"1802",1909.01
"1803",1909.02
"1804",1909.03
"1805",1909.04
"1806",1909.05
"1807",1909.06
"1808",1909.07
"1809",1909.08
"1810",1909.09
"1811",1909.1
"1812",1909.11
"1813",1909.12
"1814",1909.13
"1815",1909.14
"1816",1909.15
"1817",1909.16
"1818",1909.17
"1819",1909.18
"1820",1909.19
"1821",1909.2
"1822",1909.21
"1823",1909.22
"1824",1909.23
"1825",1909.24
"1826",1909.25
"1827",1909.26
"1828",1909.27
"1829",1909.28
"1830",1909.29
"1831",1909.3
"1832",1909.31
"1833",1909.32
"1834",1909.33
"1835",1909.34
"1836",1909.35
"1837",1909.36
"1838",1909.37
"1839",1909.38
"1840",1909.39
"1841",1909.4
"1842",1909.41
"1843",1909.42
"1844",1909.43
"1845",1909.44
"1846",1909.45
"1847",1909.46
"1848",1909.47
"1849",1909.48
"1850",1909.49
"1851",1909.5
"1852",1909.51
"1853",1909.52
"1854",1909.53
"1855",1909.54
"1856",1909.55
"1857",1909.56
"1858",1909.57
"1859",1909.58
"1860",1909.59
"1861",1909.6
"1862",1909.61
"1863",1909.62
"1864",1909.63
"1865",1909.64
"1866",1909.65
"1867",1909.66
"1868",1909.67
"1869",1909.68
"1870",1909.69
"1871",1909.7
"1872",1909.71
"1873",1909.72
"1874",1909.73
"1875",1909.74
"1876",1909.75
"1877",1909.76
"1878",1909.77
"1879",1909.78
"1880",1909.79
"1881",1909.8
"1882",1909.81
"1883",1909.82
"1884",1909.83
"1885",1909.84
"1886",1909.85
"1887",1909.86
"1888",1909.87
"1889",1909.88
"1890",1909.89
"1891",1909.9
"1892",1909.91
"1893",1909.92
"1894",1909.93
"1895",1909.94
"1896",1909.95
"1897",1909.96
"1898",1909.97
"1899",1909.98
"1900",1909.99
"1901",1910
"1902",1910.01
"1903",1910.02
"1904",1910.03
"1905",1910.04
"1906",1910.05
"1907",1910.06
"1908",1910.07
"1909",1910.08
"1910",1910.09
"1911",1910.1
"1912",1910.11
"1913",1910.12
"1914",1910.13
"1915",1910.14
"1916",1910.15
"1917",1910.16
"1918",1910.17
"1919",1910.18
"1920",1910.19
"1921",1910.2
"1922",1910.21
"1923",1910.22
"1924",1910.23
"1925",1910.24
"1926",1910.25
"1927",1910.26
"1928",1910.27
"1929",1910.28
"1930",1910.29
"1931",1910.3
"1932",1910.31
"1933",1910.32
"1934",1910.33
"1935",1910.34
"1936",1910.35
"1937",1910.36
"1938",1910.37
"1939",1910.38
"1940",1910.39
"1941",1910.4
"1942",1910.41
"1943",1910.42
"1944",1910.43
"1945",1910.44
"1946",1910.45
"1947",1910.46
"1948",1910.47
"1949",1910.48
"1950",1910.49
"1951",1910.5
"1952",1910.51
"1953",1910.52
"1954",1910.53
"1955",1910.54
"1956",1910.55
"1957",1910.56
"1958",1910.57
"1959",1910.58
"1960",1910.59
"1961",1910.6
"1962",1910.61
"1963",1910.62
"1964",1910.63
"1965",1910.64
"1966",1910.65
"1967",1910.66
"1968",1910.67
"1969",1910.68
"1970",1910.69
"1971",1910.7
"1972",1910.71
"1973",1910.72
"1974",1910.73
"1975",1910.74
"1976",1910.75
"1977",1910.76
"1978",1910.77
"1979",1910.78
"1980",1910.79
"1981",1910.8
"1982",1910.81
"1983",1910.82
"1984",1910.83
"1985",1910.84
"1986",1910.85
"1987",1910.86
"1988",1910.87
"1989",1910.88
"1990",1910.89
"1991",1910.9
"1992",1910.91
"1993",1910.92
"1994",1910.93
"1995",1910.94
"1996",1910.95
"1997",1910.96
"1998",1910.97
"1999",1910.98
"2000",1910.99
"2001",1911
"2002",1911.01
"2003",1911.02
"2004",1911.03
"2005",1911.04
"2006",1911.05
"2007",1911.06
"2008",1911.07
"2009",1911.08
"2010",1911.09
"2011",1911.1
"2012",1911.11
"2013",1911.12
"2014",1911.13
"2015",1911.14
"2016",1911.15
"2017",1911.16
"2018",1911.17
"2019",1911.18
"2020",1911.19
"2021",1911.2
"2022",1911.21
"2023",1911.22
"2024",1911.23
"2025",1911.24
"2026",1911.25
"2027",1911.26
"2028",1911.27
"2029",1911.28
"2030",1911.29
"2031",1911.3
"2032",1911.31
"2033",1911.32
"2034",1911.33
"2035",1911.34
"2036",1911.35
"2037",1911.36
"2038",1911.37
"2039",1911.38
"2040",1911.39
"2041",1911.4
"2042",1911.41
"2043",1911.42
"2044",1911.43
"2045",1911.44
"2046",1911.45
"2047",1911.46
"2048",1911.47
"2049",1911.48
"2050",1911.49
"2051",1911.5
"2052",1911.51
"2053",1911.52
"2054",1911.53
"2055",1911.54
"2056",1911.55
"2057",1911.56
"2058",1911.57
"2059",1911.58
"2060",1911.59
"2061",1911.6
"2062",1911.61
"2063",1911.62
"2064",1911.63
"2065",1911.64
"2066",1911.65
"2067",1911.66
"2068",1911.67
"2069",1911.68
"2070",1911.69
"2071",1911.7
"2072",1911.71
"2073",1911.72
"2074",1911.73
"2075",1911.74
"2076",1911.75
"2077",1911.76
"2078",1911.77
"2079",1911.78
"2080",1911.79
"2081",1911.8
"2082",1911.81
"2083",1911.82
"2084",1911.83
"2085",1911.84
"2086",1911.85
"2087",1911.86
"2088",1911.87
"2089",1911.88
"2090",1911.89
"2091",1911.9
"2092",1911.91
"2093",1911.92
"2094",1911.93
"2095",1911.94
"2096",1911.95
"2097",1911.96
"2098",1911.97
"2099",1911.98
"2100",1911.99
"2101",1912
"2102",1912.01
"2103",1912.02
"2104",1912.03
"2105",1912.04
"2106",1912.05
"2107",1912.06
"2108",1912.07
"2109",1912.08
"2110",1912.09
"2111",1912.1
"2112",1912.11
"2113",1912.12
"2114",1912.13
"2115",1912.14
"2116",1912.15
"2117",1912.16
"2118",1912.17
"2119",1912.18
"2120",1912.19
"2121",1912.2
"2122",1912.21
"2123",1912.22
"2124",1912.23
"2125",1912.24
"2126",1912.25
"2127",1912.26
"2128",1912.27
"2129",1912.28
"2130",1912.29
"2131",1912.3
"2132",1912.31
"2133",1912.32
"2134",1912.33
"2135",1912.34
"2136",1912.35
"2137",1912.36
"2138",1912.37
"2139",1912.38
"2140",1912.39
"2141",1912.4
"2142",1912.41
"2143",1912.42
"2144",1912.43
"2145",1912.44
"2146",1912.45
"2147",1912.46
"2148",1912.47
"2149",1912.48
"2150",1912.49
"2151",1912.5
"2152",1912.51
"2153",1912.52
"2154",1912.53
"2155",1912.54
"2156",1912.55
"2157",1912.56
"2158",1912.57
"2159",1912.58
"2160",1912.59
"2161",1912.6
"2162",1912.61
"2163",1912.62
"2164",1912.63
"2165",1912.64
"2166",1912.65
"2167",1912.66
"2168",1912.67
"2169",1912.68
"2170",1912.69
"2171",1912.7
"2172",1912.71
"2173",1912.72
"2174",1912.73
"2175",1912.74
"2176",1912.75
"2177",1912.76
"2178",1912.77
"2179",1912.78
"2180",1912.79
"2181",1912.8
"2182",1912.81
"2183",1912.82
"2184",1912.83
"2185",1912.84
"2186",1912.85
"2187",1912.86
"2188",1912.87
"2189",1912.88
"2190",1912.89
"2191",1912.9
"2192",1912.91
"2193",1912.92
"2194",1912.93
"2195",1912.94
"2196",1912.95
"2197",1912.96
"2198",1912.97
"2199",1912.98
"2200",1912.99
"2201",1913
"2202",1913.01
"2203",1913.02
"2204",1913.03
"2205",1913.04
"2206",1913.05
"2207",1913.06
"2208",1913.07
"2209",1913.08
"2210",1913.09
"2211",1913.1
"2212",1913.11
"2213",1913.12
"2214",1913.13
"2215",1913.14
"2216",1913.15
"2217",1913.16
"2218",1913.17
"2219",1913.18
"2220",1913.19
"2221",1913.2
"2222",1913.21
"2223",1913.22
"2224",1913.23
"2225",1913.24
"2226",1913.25
"2227",1913.26
"2228",1913.27
"2229",1913.28
"2230",1913.29
"2231",1913.3
"2232",1913.31
"2233",1913.32
"2234",1913.33
"2235",1913.34
"2236",1913.35
"2237",1913.36
"2238",1913.37
"2239",1913.38
"2240",1913.39
"2241",1913.4
"2242",1913.41
"2243",1913.42
"2244",1913.43
"2245",1913.44
"2246",1913.45
"2247",1913.46
"2248",1913.47
"2249",1913.48
"2250",1913.49
"2251",1913.5
"2252",1913.51
"2253",1913.52
"2254",1913.53
"2255",1913.54
"2256",1913.55
"2257",1913.56
"2258",1913.57
"2259",1913.58
"2260",1913.59
"2261",1913.6
"2262",1913.61
"2263",1913.62
"2264",1913.63
"2265",1913.64
"2266",1913.65
"2267",1913.66
"2268",1913.67
"2269",1913.68
"2270",1913.69
"2271",1913.7
"2272",1913.71
"2273",1913.72
"2274",1913.73
"2275",1913.74
"2276",1913.75
"2277",1913.76
"2278",1913.77
"2279",1913.78
"2280",1913.79
"2281",1913.8
"2282",1913.81
"2283",1913.82
"2284",1913.83
"2285",1913.84
"2286",1913.85
"2287",1913.86
"2288",1913.87
"2289",1913.88
"2290",1913.89
"2291",1913.9
"2292",1913.91
"2293",1913.92
"2294",1913.93
"2295",1913.94
"2296",1913.95
"2297",1913.96
"2298",1913.97
"2299",1913.98
"2300",1913.99
"2301",1914
"2302",1914.01
"2303",1914.02
"2304",1914.03
"2305",1914.04
"2306",1914.05
"2307",1914.06
"2308",1914.07
"2309",1914.08
"2310",1914.09
"2311",1914.1
"2312",1914.11
"2313",1914.12
"2314",1914.13
"2315",1914.14
"2316",1914.15
"2317",1914.16
"2318",1914.17
"2319",1914.18
"2320",1914.19
"2321",1914.2
"2322",1914.21
"2323",1914.22
"2324",1914.23
"2325",1914.24
"2326",1914.25
"2327",1914.26
"2328",1914.27
"2329",1914.28
"2330",1914.29
"2331",1914.3
"2332",1914.31
"2333",1914.32
"2334",1914.33
"2335",1914.34
"2336",1914.35
"2337",1914.36
"2338",1914.37
"2339",1914.38
"2340",1914.39
"2341",1914.4
"2342",1914.41
"2343",1914.42
"2344",1914.43
"2345",1914.44
"2346",1914.45
"2347",1914.46
"2348",1914.47
"2349",1914.48
"2350",1914.49
"2351",1914.5
"2352",1914.51
"2353",1914.52
"2354",1914.53
"2355",1914.54
"2356",1914.55
"2357",1914.56
"2358",1914.57
"2359",1914.58
"2360",1914.59
"2361",1914.6
"2362",1914.61
"2363",1914.62
"2364",1914.63
"2365",1914.64
"2366",1914.65
"2367",1914.66
"2368",1914.67
"2369",1914.68
"2370",1914.69
"2371",1914.7
"2372",1914.71
"2373",1914.72
"2374",1914.73
"2375",1914.74
"2376",1914.75
"2377",1914.76
"2378",1914.77
"2379",1914.78
"2380",1914.79
"2381",1914.8
"2382",1914.81
"2383",1914.82
"2384",1914.83
"2385",1914.84
"2386",1914.85
"2387",1914.86
"2388",1914.87
"2389",1914.88
"2390",1914.89
"2391",1914.9
"2392",1914.91
"2393",1914.92
"2394",1914.93
"2395",1914.94
"2396",1914.95
"2397",1914.96
"2398",1914.97
"2399",1914.98
"2400",1914.99
"2401",1915
"2402",1915.01
"2403",1915.02
"2404",1915.03
"2405",1915.04
"2406",1915.05
"2407",1915.06
"2408",1915.07
"2409",1915.08
"2410",1915.09
"2411",1915.1
"2412",1915.11
"2413",1915.12
"2414",1915.13
"2415",1915.14
"2416",1915.15
"2417",1915.16
"2418",1915.17
"2419",1915.18
"2420",1915.19
"2421",1915.2
"2422",1915.21
"2423",1915.22
"2424",1915.23
"2425",1915.24
"2426",1915.25
"2427",1915.26
"2428",1915.27
"2429",1915.28
"2430",1915.29
"2431",1915.3
"2432",1915.31
"2433",1915.32
"2434",1915.33
"2435",1915.34
"2436",1915.35
"2437",1915.36
"2438",1915.37
"2439",1915.38
"2440",1915.39
"2441",1915.4
"2442",1915.41
"2443",1915.42
"2444",1915.43
"2445",1915.44
"2446",1915.45
"2447",1915.46
"2448",1915.47
"2449",1915.48
"2450",1915.49
"2451",1915.5
"2452",1915.51
"2453",1915.52
"2454",1915.53
"2455",1915.54
"2456",1915.55
"2457",1915.56
"2458",1915.57
"2459",1915.58
"2460",1915.59
"2461",1915.6
"2462",1915.61
"2463",1915.62
"2464",1915.63
"2465",1915.64
"2466",1915.65
"2467",1915.66
"2468",1915.67
"2469",1915.68
"2470",1915.69
"2471",1915.7
"2472",1915.71
"2473",1915.72
"2474",1915.73
"2475",1915.74
"2476",1915.75
"2477",1915.76
"2478",1915.77
"2479",1915.78
"2480",1915.79
"2481",1915.8
"2482",1915.81
"2483",1915.82
"2484",1915.83
"2485",1915.84
"2486",1915.85
"2487",1915.86
"2488",1915.87
"2489",1915.88
"2490",1915.89
"2491",1915.9
"2492",1915.91
"2493",1915.92
"2494",1915.93
"2495",1915.94
"2496",1915.95
"2497",1915.96
"2498",1915.97
"2499",1915.98
"2500",1915.99
"2501",1916
"2502",1916.01
"2503",1916.02
"2504",1916.03
"2505",1916.04
"2506",1916.05
"2507",1916.06
"2508",1916.07
"2509",1916.08
"2510",1916.09
"2511",1916.1
"2512",1916.11
"2513",1916.12
"2514",1916.13
"2515",1916.14
"2516",1916.15
"2517",1916.16
"2518",1916.17
"2519",1916.18
"2520",1916.19
"2521",1916.2
"2522",1916.21
"2523",1916.22
"2524",1916.23
"2525",1916.24
"2526",1916.25
"2527",1916.26
"2528",1916.27
"2529",1916.28
"2530",1916.29
"2531",1916.3
"2532",1916.31
"2533",1916.32
"2534",1916.33
"2535",1916.34
"2536",1916.35
"2537",1916.36
"2538",1916.37
"2539",1916.38
"2540",1916.39
"2541",1916.4
"2542",1916.41
"2543",1916.42
"2544",1916.43
"2545",1916.44
"2546",1916.45
"2547",1916.46
"2548",1916.47
"2549",1916.48
"2550",1916.49
"2551",1916.5
"2552",1916.51
"2553",1916.52
"2554",1916.53
"2555",1916.54
"2556",1916.55
"2557",1916.56
"2558",1916.57
"2559",1916.58
"2560",1916.59
"2561",1916.6
"2562",1916.61
"2563",1916.62
"2564",1916.63
"2565",1916.64
"2566",1916.65
"2567",1916.66
"2568",1916.67
"2569",1916.68
"2570",1916.69
"2571",1916.7
"2572",1916.71
"2573",1916.72
"2574",1916.73
"2575",1916.74
"2576",1916.75
"2577",1916.76
"2578",1916.77
"2579",1916.78
"2580",1916.79
"2581",1916.8
"2582",1916.81
"2583",1916.82
"2584",1916.83
"2585",1916.84
"2586",1916.85
"2587",1916.86
"2588",1916.87
"2589",1916.88
"2590",1916.89
"2591",1916.9
"2592",1916.91
"2593",1916.92
"2594",1916.93
"2595",1916.94
"2596",1916.95
"2597",1916.96
"2598",1916.97
"2599",1916.98
"2600",1916.99
"2601",1917
"2602",1917.01
"2603",1917.02
"2604",1917.03
"2605",1917.04
"2606",1917.05
"2607",1917.06
"2608",1917.07
"2609",1917.08
"2610",1917.09
"2611",1917.1
"2612",1917.11
"2613",1917.12
"2614",1917.13
"2615",1917.14
"2616",1917.15
"2617",1917.16
"2618",1917.17
"2619",1917.18
"2620",1917.19
"2621",1917.2
"2622",1917.21
"2623",1917.22
"2624",1917.23
"2625",1917.24
"2626",1917.25
"2627",1917.26
"2628",1917.27
"2629",1917.28
"2630",1917.29
"2631",1917.3
"2632",1917.31
"2633",1917.32
"2634",1917.33
"2635",1917.34
"2636",1917.35
"2637",1917.36
"2638",1917.37
"2639",1917.38
"2640",1917.39
"2641",1917.4
"2642",1917.41
"2643",1917.42
"2644",1917.43
"2645",1917.44
"2646",1917.45
"2647",1917.46
"2648",1917.47
"2649",1917.48
"2650",1917.49
"2651",1917.5
"2652",1917.51
"2653",1917.52
"2654",1917.53
"2655",1917.54
"2656",1917.55
"2657",1917.56
"2658",1917.57
"2659",1917.58
"2660",1917.59
"2661",1917.6
"2662",1917.61
"2663",1917.62
"2664",1917.63
"2665",1917.64
"2666",1917.65
"2667",1917.66
"2668",1917.67
"2669",1917.68
"2670",1917.69
"2671",1917.7
"2672",1917.71
"2673",1917.72
"2674",1917.73
"2675",1917.74
"2676",1917.75
"2677",1917.76
"2678",1917.77
"2679",1917.78
"2680",1917.79
"2681",1917.8
"2682",1917.81
"2683",1917.82
"2684",1917.83
"2685",1917.84
"2686",1917.85
"2687",1917.86
"2688",1917.87
"2689",1917.88
"2690",1917.89
"2691",1917.9
"2692",1917.91
"2693",1917.92
"2694",1917.93
"2695",1917.94
"2696",1917.95
"2697",1917.96
"2698",1917.97
"2699",1917.98
"2700",1917.99
"2701",1918
"2702",1918.01
"2703",1918.02
"2704",1918.03
"2705",1918.04
"2706",1918.05
"2707",1918.06
"2708",1918.07
"2709",1918.08
"2710",1918.09
"2711",1918.1
"2712",1918.11
"2713",1918.12
"2714",1918.13
"2715",1918.14
"2716",1918.15
"2717",1918.16
"2718",1918.17
"2719",1918.18
"2720",1918.19
"2721",1918.2
"2722",1918.21
"2723",1918.22
"2724",1918.23
"2725",1918.24
"2726",1918.25
"2727",1918.26
"2728",1918.27
"2729",1918.28
"2730",1918.29
"2731",1918.3
"2732",1918.31
"2733",1918.32
"2734",1918.33
"2735",1918.34
"2736",1918.35
"2737",1918.36
"2738",1918.37
"2739",1918.38
"2740",1918.39
"2741",1918.4
"2742",1918.41
"2743",1918.42
"2744",1918.43
"2745",1918.44
"2746",1918.45
"2747",1918.46
"2748",1918.47
"2749",1918.48
"2750",1918.49
"2751",1918.5
"2752",1918.51
"2753",1918.52
"2754",1918.53
"2755",1918.54
"2756",1918.55
"2757",1918.56
"2758",1918.57
"2759",1918.58
"2760",1918.59
"2761",1918.6
"2762",1918.61
"2763",1918.62
"2764",1918.63
"2765",1918.64
"2766",1918.65
"2767",1918.66
"2768",1918.67
"2769",1918.68
"2770",1918.69
"2771",1918.7
"2772",1918.71
"2773",1918.72
"2774",1918.73
"2775",1918.74
"2776",1918.75
"2777",1918.76
"2778",1918.77
"2779",1918.78
"2780",1918.79
"2781",1918.8
"2782",1918.81
"2783",1918.82
"2784",1918.83
"2785",1918.84
"2786",1918.85
"2787",1918.86
"2788",1918.87
"2789",1918.88
"2790",1918.89
"2791",1918.9
"2792",1918.91
"2793",1918.92
"2794",1918.93
"2795",1918.94
"2796",1918.95
"2797",1918.96
"2798",1918.97
"2799",1918.98
"2800",1918.99
"2801",1919
"2802",1919.01
"2803",1919.02
"2804",1919.03
"2805",1919.04
"2806",1919.05
"2807",1919.06
"2808",1919.07
"2809",1919.08
"2810",1919.09
"2811",1919.1
"2812",1919.11
"2813",1919.12
"2814",1919.13
"2815",1919.14
"2816",1919.15
"2817",1919.16
"2818",1919.17
"2819",1919.18
"2820",1919.19
"2821",1919.2
"2822",1919.21
"2823",1919.22
"2824",1919.23
"2825",1919.24
"2826",1919.25
"2827",1919.26
"2828",1919.27
"2829",1919.28
"2830",1919.29
"2831",1919.3
"2832",1919.31
"2833",1919.32
"2834",1919.33
"2835",1919.34
"2836",1919.35
"2837",1919.36
"2838",1919.37
"2839",1919.38
"2840",1919.39
"2841",1919.4
"2842",1919.41
"2843",1919.42
"2844",1919.43
"2845",1919.44
"2846",1919.45
"2847",1919.46
"2848",1919.47
"2849",1919.48
"2850",1919.49
"2851",1919.5
"2852",1919.51
"2853",1919.52
"2854",1919.53
"2855",1919.54
"2856",1919.55
"2857",1919.56
"2858",1919.57
"2859",1919.58
"2860",1919.59
"2861",1919.6
"2862",1919.61
"2863",1919.62
"2864",1919.63
"2865",1919.64
"2866",1919.65
"2867",1919.66
"2868",1919.67
"2869",1919.68
"2870",1919.69
"2871",1919.7
"2872",1919.71
"2873",1919.72
"2874",1919.73
"2875",1919.74
"2876",1919.75
"2877",1919.76
"2878",1919.77
"2879",1919.78
"2880",1919.79
"2881",1919.8
"2882",1919.81
"2883",1919.82
"2884",1919.83
"2885",1919.84
"2886",1919.85
"2887",1919.86
"2888",1919.87
"2889",1919.88
"2890",1919.89
"2891",1919.9
"2892",1919.91
"2893",1919.92
"2894",1919.93
"2895",1919.94
"2896",1919.95
"2897",1919.96
"2898",1919.97
"2899",1919.98
"2900",1919.99
"2901",1920
"2902",1920.01
"2903",1920.02
"2904",1920.03
"2905",1920.04
"2906",1920.05
"2907",1920.06
"2908",1920.07
"2909",1920.08
"2910",1920.09
"2911",1920.1
"2912",1920.11
"2913",1920.12
"2914",1920.13
"2915",1920.14
"2916",1920.15
"2917",1920.16
"2918",1920.17
"2919",1920.18
"2920",1920.19
"2921",1920.2
"2922",1920.21
"2923",1920.22
"2924",1920.23
"2925",1920.24
"2926",1920.25
"2927",1920.26
"2928",1920.27
"2929",1920.28
"2930",1920.29
"2931",1920.3
"2932",1920.31
"2933",1920.32
"2934",1920.33
"2935",1920.34
"2936",1920.35
"2937",1920.36
"2938",1920.37
"2939",1920.38
"2940",1920.39
"2941",1920.4
"2942",1920.41
"2943",1920.42
"2944",1920.43
"2945",1920.44
"2946",1920.45
"2947",1920.46
"2948",1920.47
"2949",1920.48
"2950",1920.49
"2951",1920.5
"2952",1920.51
"2953",1920.52
"2954",1920.53
"2955",1920.54
"2956",1920.55
"2957",1920.56
"2958",1920.57
"2959",1920.58
"2960",1920.59
"2961",1920.6
"2962",1920.61
"2963",1920.62
"2964",1920.63
"2965",1920.64
"2966",1920.65
"2967",1920.66
"2968",1920.67
"2969",1920.68
"2970",1920.69
"2971",1920.7
"2972",1920.71
"2973",1920.72
"2974",1920.73
"2975",1920.74
"2976",1920.75
"2977",1920.76
"2978",1920.77
"2979",1920.78
"2980",1920.79
"2981",1920.8
"2982",1920.81
"2983",1920.82
"2984",1920.83
"2985",1920.84
"2986",1920.85
"2987",1920.86
"2988",1920.87
"2989",1920.88
"2990",1920.89
"2991",1920.9
"2992",1920.91
"2993",1920.92
"2994",1920.93
"2995",1920.94
"2996",1920.95
"2997",1920.96
"2998",1920.97
"2999",1920.98
"3000",1920.99
"3001",1921
"3002",1921.01
"3003",1921.02
"3004",1921.03
"3005",1921.04
"3006",1921.05
"3007",1921.06
"3008",1921.07
"3009",1921.08
"3010",1921.09
"3011",1921.1
"3012",1921.11
"3013",1921.12
"3014",1921.13
"3015",1921.14
"3016",1921.15
"3017",1921.16
"3018",1921.17
"3019",1921.18
"3020",1921.19
"3021",1921.2
"3022",1921.21
"3023",1921.22
"3024",1921.23
"3025",1921.24
"3026",1921.25
"3027",1921.26
"3028",1921.27
"3029",1921.28
"3030",1921.29
"3031",1921.3
"3032",1921.31
"3033",1921.32
"3034",1921.33
"3035",1921.34
"3036",1921.35
"3037",1921.36
"3038",1921.37
"3039",1921.38
"3040",1921.39
"3041",1921.4
"3042",1921.41
"3043",1921.42
"3044",1921.43
"3045",1921.44
"3046",1921.45
"3047",1921.46
"3048",1921.47
"3049",1921.48
"3050",1921.49
"3051",1921.5
"3052",1921.51
"3053",1921.52
"3054",1921.53
"3055",1921.54
"3056",1921.55
"3057",1921.56
"3058",1921.57
"3059",1921.58
"3060",1921.59
"3061",1921.6
"3062",1921.61
"3063",1921.62
"3064",1921.63
"3065",1921.64
"3066",1921.65
"3067",1921.66
"3068",1921.67
"3069",1921.68
"3070",1921.69
"3071",1921.7
"3072",1921.71
"3073",1921.72
"3074",1921.73
"3075",1921.74
"3076",1921.75
"3077",1921.76
"3078",1921.77
"3079",1921.78
"3080",1921.79
"3081",1921.8
"3082",1921.81
"3083",1921.82
"3084",1921.83
"3085",1921.84
"3086",1921.85
"3087",1921.86
"3088",1921.87
"3089",1921.88
"3090",1921.89
"3091",1921.9
"3092",1921.91
"3093",1921.92
"3094",1921.93
"3095",1921.94
"3096",1921.95
"3097",1921.96
"3098",1921.97
"3099",1921.98
"3100",1921.99
"3101",1922
"3102",1922.01
"3103",1922.02
"3104",1922.03
"3105",1922.04
"3106",1922.05
"3107",1922.06
"3108",1922.07
"3109",1922.08
"3110",1922.09
"3111",1922.1
"3112",1922.11
"3113",1922.12
"3114",1922.13
"3115",1922.14
"3116",1922.15
"3117",1922.16
"3118",1922.17
"3119",1922.18
"3120",1922.19
"3121",1922.2
"3122",1922.21
"3123",1922.22
"3124",1922.23
"3125",1922.24
"3126",1922.25
"3127",1922.26
"3128",1922.27
"3129",1922.28
"3130",1922.29
"3131",1922.3
"3132",1922.31
"3133",1922.32
"3134",1922.33
"3135",1922.34
"3136",1922.35
"3137",1922.36
"3138",1922.37
"3139",1922.38
"3140",1922.39
"3141",1922.4
"3142",1922.41
"3143",1922.42
"3144",1922.43
"3145",1922.44
"3146",1922.45
"3147",1922.46
"3148",1922.47
"3149",1922.48
"3150",1922.49
"3151",1922.5
"3152",1922.51
"3153",1922.52
"3154",1922.53
"3155",1922.54
"3156",1922.55
"3157",1922.56
"3158",1922.57
"3159",1922.58
"3160",1922.59
"3161",1922.6
"3162",1922.61
"3163",1922.62
"3164",1922.63
"3165",1922.64
"3166",1922.65
"3167",1922.66
"3168",1922.67
"3169",1922.68
"3170",1922.69
"3171",1922.7
"3172",1922.71
"3173",1922.72
"3174",1922.73
"3175",1922.74
"3176",1922.75
"3177",1922.76
"3178",1922.77
"3179",1922.78
"3180",1922.79
"3181",1922.8
"3182",1922.81
"3183",1922.82
"3184",1922.83
"3185",1922.84
"3186",1922.85
"3187",1922.86
"3188",1922.87
"3189",1922.88
"3190",1922.89
"3191",1922.9
"3192",1922.91
"3193",1922.92
"3194",1922.93
"3195",1922.94
"3196",1922.95
"3197",1922.96
"3198",1922.97
"3199",1922.98
"3200",1922.99
"3201",1923
"3202",1923.01
"3203",1923.02
"3204",1923.03
"3205",1923.04
"3206",1923.05
"3207",1923.06
"3208",1923.07
"3209",1923.08
"3210",1923.09
"3211",1923.1
"3212",1923.11
"3213",1923.12
"3214",1923.13
"3215",1923.14
"3216",1923.15
"3217",1923.16
"3218",1923.17
"3219",1923.18
"3220",1923.19
"3221",1923.2
"3222",1923.21
"3223",1923.22
"3224",1923.23
"3225",1923.24
"3226",1923.25
"3227",1923.26
"3228",1923.27
"3229",1923.28
"3230",1923.29
"3231",1923.3
"3232",1923.31
"3233",1923.32
"3234",1923.33
"3235",1923.34
"3236",1923.35
"3237",1923.36
"3238",1923.37
"3239",1923.38
"3240",1923.39
"3241",1923.4
"3242",1923.41
"3243",1923.42
"3244",1923.43
"3245",1923.44
"3246",1923.45
"3247",1923.46
"3248",1923.47
"3249",1923.48
"3250",1923.49
"3251",1923.5
"3252",1923.51
"3253",1923.52
"3254",1923.53
"3255",1923.54
"3256",1923.55
"3257",1923.56
"3258",1923.57
"3259",1923.58
"3260",1923.59
"3261",1923.6
"3262",1923.61
"3263",1923.62
"3264",1923.63
"3265",1923.64
"3266",1923.65
"3267",1923.66
"3268",1923.67
"3269",1923.68
"3270",1923.69
"3271",1923.7
"3272",1923.71
"3273",1923.72
"3274",1923.73
"3275",1923.74
"3276",1923.75
"3277",1923.76
"3278",1923.77
"3279",1923.78
"3280",1923.79
"3281",1923.8
"3282",1923.81
"3283",1923.82
"3284",1923.83
"3285",1923.84
"3286",1923.85
"3287",1923.86
"3288",1923.87
"3289",1923.88
"3290",1923.89
"3291",1923.9
"3292",1923.91
"3293",1923.92
"3294",1923.93
"3295",1923.94
"3296",1923.95
"3297",1923.96
"3298",1923.97
"3299",1923.98
"3300",1923.99
"3301",1924
"3302",1924.01
"3303",1924.02
"3304",1924.03
"3305",1924.04
"3306",1924.05
"3307",1924.06
"3308",1924.07
"3309",1924.08
"3310",1924.09
"3311",1924.1
"3312",1924.11
"3313",1924.12
"3314",1924.13
"3315",1924.14
"3316",1924.15
"3317",1924.16
"3318",1924.17
"3319",1924.18
"3320",1924.19
"3321",1924.2
"3322",1924.21
"3323",1924.22
"3324",1924.23
"3325",1924.24
"3326",1924.25
"3327",1924.26
"3328",1924.27
"3329",1924.28
"3330",1924.29
"3331",1924.3
"3332",1924.31
"3333",1924.32
"3334",1924.33
"3335",1924.34
"3336",1924.35
"3337",1924.36
"3338",1924.37
"3339",1924.38
"3340",1924.39
"3341",1924.4
"3342",1924.41
"3343",1924.42
"3344",1924.43
"3345",1924.44
"3346",1924.45
"3347",1924.46
"3348",1924.47
"3349",1924.48
"3350",1924.49
"3351",1924.5
"3352",1924.51
"3353",1924.52
"3354",1924.53
"3355",1924.54
"3356",1924.55
"3357",1924.56
"3358",1924.57
"3359",1924.58
"3360",1924.59
"3361",1924.6
"3362",1924.61
"3363",1924.62
"3364",1924.63
"3365",1924.64
"3366",1924.65
"3367",1924.66
"3368",1924.67
"3369",1924.68
"3370",1924.69
"3371",1924.7
"3372",1924.71
"3373",1924.72
"3374",1924.73
"3375",1924.74
"3376",1924.75
"3377",1924.76
"3378",1924.77
"3379",1924.78
"3380",1924.79
"3381",1924.8
"3382",1924.81
"3383",1924.82
"3384",1924.83
"3385",1924.84
"3386",1924.85
"3387",1924.86
"3388",1924.87
"3389",1924.88
"3390",1924.89
"3391",1924.9
"3392",1924.91
"3393",1924.92
"3394",1924.93
"3395",1924.94
"3396",1924.95
"3397",1924.96
"3398",1924.97
"3399",1924.98
"3400",1924.99
"3401",1925
"3402",1925.01
"3403",1925.02
"3404",1925.03
"3405",1925.04
"3406",1925.05
"3407",1925.06
"3408",1925.07
"3409",1925.08
"3410",1925.09
"3411",1925.1
"3412",1925.11
"3413",1925.12
"3414",1925.13
"3415",1925.14
"3416",1925.15
"3417",1925.16
"3418",1925.17
"3419",1925.18
"3420",1925.19
"3421",1925.2
"3422",1925.21
"3423",1925.22
"3424",1925.23
"3425",1925.24
"3426",1925.25
"3427",1925.26
"3428",1925.27
"3429",1925.28
"3430",1925.29
"3431",1925.3
"3432",1925.31
"3433",1925.32
"3434",1925.33
"3435",1925.34
"3436",1925.35
"3437",1925.36
"3438",1925.37
"3439",1925.38
"3440",1925.39
"3441",1925.4
"3442",1925.41
"3443",1925.42
"3444",1925.43
"3445",1925.44
"3446",1925.45
"3447",1925.46
"3448",1925.47
"3449",1925.48
"3450",1925.49
"3451",1925.5
"3452",1925.51
"3453",1925.52
"3454",1925.53
"3455",1925.54
"3456",1925.55
"3457",1925.56
"3458",1925.57
"3459",1925.58
"3460",1925.59
"3461",1925.6
"3462",1925.61
"3463",1925.62
"3464",1925.63
"3465",1925.64
"3466",1925.65
"3467",1925.66
"3468",1925.67
"3469",1925.68
"3470",1925.69
"3471",1925.7
"3472",1925.71
"3473",1925.72
"3474",1925.73
"3475",1925.74
"3476",1925.75
"3477",1925.76
"3478",1925.77
"3479",1925.78
"3480",1925.79
"3481",1925.8
"3482",1925.81
"3483",1925.82
"3484",1925.83
"3485",1925.84
"3486",1925.85
"3487",1925.86
"3488",1925.87
"3489",1925.88
"3490",1925.89
"3491",1925.9
"3492",1925.91
"3493",1925.92
"3494",1925.93
"3495",1925.94
"3496",1925.95
"3497",1925.96
"3498",1925.97
"3499",1925.98
"3500",1925.99
"3501",1926
"3502",1926.01
"3503",1926.02
"3504",1926.03
"3505",1926.04
"3506",1926.05
"3507",1926.06
"3508",1926.07
"3509",1926.08
"3510",1926.09
"3511",1926.1
"3512",1926.11
"3513",1926.12
"3514",1926.13
"3515",1926.14
"3516",1926.15
"3517",1926.16
"3518",1926.17
"3519",1926.18
"3520",1926.19
"3521",1926.2
"3522",1926.21
"3523",1926.22
"3524",1926.23
"3525",1926.24
"3526",1926.25
"3527",1926.26
"3528",1926.27
"3529",1926.28
"3530",1926.29
"3531",1926.3
"3532",1926.31
"3533",1926.32
"3534",1926.33
"3535",1926.34
"3536",1926.35
"3537",1926.36
"3538",1926.37
"3539",1926.38
"3540",1926.39
"3541",1926.4
"3542",1926.41
"3543",1926.42
"3544",1926.43
"3545",1926.44
"3546",1926.45
"3547",1926.46
"3548",1926.47
"3549",1926.48
"3550",1926.49
"3551",1926.5
"3552",1926.51
"3553",1926.52
"3554",1926.53
"3555",1926.54
"3556",1926.55
"3557",1926.56
"3558",1926.57
"3559",1926.58
"3560",1926.59
"3561",1926.6
"3562",1926.61
"3563",1926.62
"3564",1926.63
"3565",1926.64
"3566",1926.65
"3567",1926.66
"3568",1926.67
"3569",1926.68
"3570",1926.69
"3571",1926.7
"3572",1926.71
"3573",1926.72
"3574",1926.73
"3575",1926.74
"3576",1926.75
"3577",1926.76
"3578",1926.77
"3579",1926.78
"3580",1926.79
"3581",1926.8
"3582",1926.81
"3583",1926.82
"3584",1926.83
"3585",1926.84
"3586",1926.85
"3587",1926.86
"3588",1926.87
"3589",1926.88
"3590",1926.89
"3591",1926.9
"3592",1926.91
"3593",1926.92
"3594",1926.93
"3595",1926.94
"3596",1926.95
"3597",1926.96
"3598",1926.97
"3599",1926.98
"3600",1926.99
"3601",1927
"3602",1927.01
"3603",1927.02
"3604",1927.03
"3605",1927.04
"3606",1927.05
"3607",1927.06
"3608",1927.07
"3609",1927.08
"3610",1927.09
"3611",1927.1
"3612",1927.11
"3613",1927.12
"3614",1927.13
"3615",1927.14
"3616",1927.15
"3617",1927.16
"3618",1927.17
"3619",1927.18
"3620",1927.19
"3621",1927.2
"3622",1927.21
"3623",1927.22
"3624",1927.23
"3625",1927.24
"3626",1927.25
"3627",1927.26
"3628",1927.27
"3629",1927.28
"3630",1927.29
"3631",1927.3
"3632",1927.31
"3633",1927.32
"3634",1927.33
"3635",1927.34
"3636",1927.35
"3637",1927.36
"3638",1927.37
"3639",1927.38
"3640",1927.39
"3641",1927.4
"3642",1927.41
"3643",1927.42
"3644",1927.43
"3645",1927.44
"3646",1927.45
"3647",1927.46
"3648",1927.47
"3649",1927.48
"3650",1927.49
"3651",1927.5
"3652",1927.51
"3653",1927.52
"3654",1927.53
"3655",1927.54
"3656",1927.55
"3657",1927.56
"3658",1927.57
"3659",1927.58
"3660",1927.59
"3661",1927.6
"3662",1927.61
"3663",1927.62
"3664",1927.63
"3665",1927.64
"3666",1927.65
"3667",1927.66
"3668",1927.67
"3669",1927.68
"3670",1927.69
"3671",1927.7
"3672",1927.71
"3673",1927.72
"3674",1927.73
"3675",1927.74
"3676",1927.75
"3677",1927.76
"3678",1927.77
"3679",1927.78
"3680",1927.79
"3681",1927.8
"3682",1927.81
"3683",1927.82
"3684",1927.83
"3685",1927.84
"3686",1927.85
"3687",1927.86
"3688",1927.87
"3689",1927.88
"3690",1927.89
"3691",1927.9
"3692",1927.91
"3693",1927.92
"3694",1927.93
"3695",1927.94
"3696",1927.95
"3697",1927.96
"3698",1927.97
"3699",1927.98
"3700",1927.99
"3701",1928
"3702",1928.01
"3703",1928.02
"3704",1928.03
"3705",1928.04
"3706",1928.05
"3707",1928.06
"3708",1928.07
"3709",1928.08
"3710",1928.09
"3711",1928.1
"3712",1928.11
"3713",1928.12
"3714",1928.13
"3715",1928.14
"3716",1928.15
"3717",1928.16
"3718",1928.17
"3719",1928.18
"3720",1928.19
"3721",1928.2
"3722",1928.21
"3723",1928.22
"3724",1928.23
"3725",1928.24
"3726",1928.25
"3727",1928.26
"3728",1928.27
"3729",1928.28
"3730",1928.29
"3731",1928.3
"3732",1928.31
"3733",1928.32
"3734",1928.33
"3735",1928.34
"3736",1928.35
"3737",1928.36
"3738",1928.37
"3739",1928.38
"3740",1928.39
"3741",1928.4
"3742",1928.41
"3743",1928.42
"3744",1928.43
"3745",1928.44
"3746",1928.45
"3747",1928.46
"3748",1928.47
"3749",1928.48
"3750",1928.49
"3751",1928.5
"3752",1928.51
"3753",1928.52
"3754",1928.53
"3755",1928.54
"3756",1928.55
"3757",1928.56
"3758",1928.57
"3759",1928.58
"3760",1928.59
"3761",1928.6
"3762",1928.61
"3763",1928.62
"3764",1928.63
"3765",1928.64
"3766",1928.65
"3767",1928.66
"3768",1928.67
"3769",1928.68
"3770",1928.69
"3771",1928.7
"3772",1928.71
"3773",1928.72
"3774",1928.73
"3775",1928.74
"3776",1928.75
"3777",1928.76
"3778",1928.77
"3779",1928.78
"3780",1928.79
"3781",1928.8
"3782",1928.81
"3783",1928.82
"3784",1928.83
"3785",1928.84
"3786",1928.85
"3787",1928.86
"3788",1928.87
"3789",1928.88
"3790",1928.89
"3791",1928.9
"3792",1928.91
"3793",1928.92
"3794",1928.93
"3795",1928.94
"3796",1928.95
"3797",1928.96
"3798",1928.97
"3799",1928.98
"3800",1928.99
"3801",1929
"3802",1929.01
"3803",1929.02
"3804",1929.03
"3805",1929.04
"3806",1929.05
"3807",1929.06
"3808",1929.07
"3809",1929.08
"3810",1929.09
"3811",1929.1
"3812",1929.11
"3813",1929.12
"3814",1929.13
"3815",1929.14
"3816",1929.15
"3817",1929.16
"3818",1929.17
"3819",1929.18
"3820",1929.19
"3821",1929.2
"3822",1929.21
"3823",1929.22
"3824",1929.23
"3825",1929.24
"3826",1929.25
"3827",1929.26
"3828",1929.27
"3829",1929.28
"3830",1929.29
"3831",1929.3
"3832",1929.31
"3833",1929.32
"3834",1929.33
"3835",1929.34
"3836",1929.35
"3837",1929.36
"3838",1929.37
"3839",1929.38
"3840",1929.39
"3841",1929.4
"3842",1929.41
"3843",1929.42
"3844",1929.43
"3845",1929.44
"3846",1929.45
"3847",1929.46
"3848",1929.47
"3849",1929.48
"3850",1929.49
"3851",1929.5
"3852",1929.51
"3853",1929.52
"3854",1929.53
"3855",1929.54
"3856",1929.55
"3857",1929.56
"3858",1929.57
"3859",1929.58
"3860",1929.59
"3861",1929.6
"3862",1929.61
"3863",1929.62
"3864",1929.63
"3865",1929.64
"3866",1929.65
"3867",1929.66
"3868",1929.67
"3869",1929.68
"3870",1929.69
"3871",1929.7
"3872",1929.71
"3873",1929.72
"3874",1929.73
"3875",1929.74
"3876",1929.75
"3877",1929.76
"3878",1929.77
"3879",1929.78
"3880",1929.79
"3881",1929.8
"3882",1929.81
"3883",1929.82
"3884",1929.83
"3885",1929.84
"3886",1929.85
"3887",1929.86
"3888",1929.87
"3889",1929.88
"3890",1929.89
"3891",1929.9
"3892",1929.91
"3893",1929.92
"3894",1929.93
"3895",1929.94
"3896",1929.95
"3897",1929.96
"3898",1929.97
"3899",1929.98
"3900",1929.99
"3901",1930
"3902",1930.01
"3903",1930.02
"3904",1930.03
"3905",1930.04
"3906",1930.05
"3907",1930.06
"3908",1930.07
"3909",1930.08
"3910",1930.09
"3911",1930.1
"3912",1930.11
"3913",1930.12
"3914",1930.13
"3915",1930.14
"3916",1930.15
"3917",1930.16
"3918",1930.17
"3919",1930.18
"3920",1930.19
"3921",1930.2
"3922",1930.21
"3923",1930.22
"3924",1930.23
"3925",1930.24
"3926",1930.25
"3927",1930.26
"3928",1930.27
"3929",1930.28
"3930",1930.29
"3931",1930.3
"3932",1930.31
"3933",1930.32
"3934",1930.33
"3935",1930.34
"3936",1930.35
"3937",1930.36
"3938",1930.37
"3939",1930.38
"3940",1930.39
"3941",1930.4
"3942",1930.41
"3943",1930.42
"3944",1930.43
"3945",1930.44
"3946",1930.45
"3947",1930.46
"3948",1930.47
"3949",1930.48
"3950",1930.49
"3951",1930.5
"3952",1930.51
"3953",1930.52
"3954",1930.53
"3955",1930.54
"3956",1930.55
"3957",1930.56
"3958",1930.57
"3959",1930.58
"3960",1930.59
"3961",1930.6
"3962",1930.61
"3963",1930.62
"3964",1930.63
"3965",1930.64
"3966",1930.65
"3967",1930.66
"3968",1930.67
"3969",1930.68
"3970",1930.69
"3971",1930.7
"3972",1930.71
"3973",1930.72
"3974",1930.73
"3975",1930.74
"3976",1930.75
"3977",1930.76
"3978",1930.77
"3979",1930.78
"3980",1930.79
"3981",1930.8
"3982",1930.81
"3983",1930.82
"3984",1930.83
"3985",1930.84
"3986",1930.85
"3987",1930.86
"3988",1930.87
"3989",1930.88
"3990",1930.89
"3991",1930.9
"3992",1930.91
"3993",1930.92
"3994",1930.93
"3995",1930.94
"3996",1930.95
"3997",1930.96
"3998",1930.97
"3999",1930.98
"4000",1930.99
"4001",1931
"4002",1931.01
"4003",1931.02
"4004",1931.03
"4005",1931.04
"4006",1931.05
"4007",1931.06
"4008",1931.07
"4009",1931.08
"4010",1931.09
"4011",1931.1
"4012",1931.11
"4013",1931.12
"4014",1931.13
"4015",1931.14
"4016",1931.15
"4017",1931.16
"4018",1931.17
"4019",1931.18
"4020",1931.19
"4021",1931.2
"4022",1931.21
"4023",1931.22
"4024",1931.23
"4025",1931.24
"4026",1931.25
"4027",1931.26
"4028",1931.27
"4029",1931.28
"4030",1931.29
"4031",1931.3
"4032",1931.31
"4033",1931.32
"4034",1931.33
"4035",1931.34
"4036",1931.35
"4037",1931.36
"4038",1931.37
"4039",1931.38
"4040",1931.39
"4041",1931.4
"4042",1931.41
"4043",1931.42
"4044",1931.43
"4045",1931.44
"4046",1931.45
"4047",1931.46
"4048",1931.47
"4049",1931.48
"4050",1931.49
"4051",1931.5
"4052",1931.51
"4053",1931.52
"4054",1931.53
"4055",1931.54
"4056",1931.55
"4057",1931.56
"4058",1931.57
"4059",1931.58
"4060",1931.59
"4061",1931.6
"4062",1931.61
"4063",1931.62
"4064",1931.63
"4065",1931.64
"4066",1931.65
"4067",1931.66
"4068",1931.67
"4069",1931.68
"4070",1931.69
"4071",1931.7
"4072",1931.71
"4073",1931.72
"4074",1931.73
"4075",1931.74
"4076",1931.75
"4077",1931.76
"4078",1931.77
"4079",1931.78
"4080",1931.79
"4081",1931.8
"4082",1931.81
"4083",1931.82
"4084",1931.83
"4085",1931.84
"4086",1931.85
"4087",1931.86
"4088",1931.87
"4089",1931.88
"4090",1931.89
"4091",1931.9
"4092",1931.91
"4093",1931.92
"4094",1931.93
"4095",1931.94
"4096",1931.95
"4097",1931.96
"4098",1931.97
"4099",1931.98
"4100",1931.99
"4101",1932
"4102",1932.01
"4103",1932.02
"4104",1932.03
"4105",1932.04
"4106",1932.05
"4107",1932.06
"4108",1932.07
"4109",1932.08
"4110",1932.09
"4111",1932.1
"4112",1932.11
"4113",1932.12
"4114",1932.13
"4115",1932.14
"4116",1932.15
"4117",1932.16
"4118",1932.17
"4119",1932.18
"4120",1932.19
"4121",1932.2
"4122",1932.21
"4123",1932.22
"4124",1932.23
"4125",1932.24
"4126",1932.25
"4127",1932.26
"4128",1932.27
"4129",1932.28
"4130",1932.29
"4131",1932.3
"4132",1932.31
"4133",1932.32
"4134",1932.33
"4135",1932.34
"4136",1932.35
"4137",1932.36
"4138",1932.37
"4139",1932.38
"4140",1932.39
"4141",1932.4
"4142",1932.41
"4143",1932.42
"4144",1932.43
"4145",1932.44
"4146",1932.45
"4147",1932.46
"4148",1932.47
"4149",1932.48
"4150",1932.49
"4151",1932.5
"4152",1932.51
"4153",1932.52
"4154",1932.53
"4155",1932.54
"4156",1932.55
"4157",1932.56
"4158",1932.57
"4159",1932.58
"4160",1932.59
"4161",1932.6
"4162",1932.61
"4163",1932.62
"4164",1932.63
"4165",1932.64
"4166",1932.65
"4167",1932.66
"4168",1932.67
"4169",1932.68
"4170",1932.69
"4171",1932.7
"4172",1932.71
"4173",1932.72
"4174",1932.73
"4175",1932.74
"4176",1932.75
"4177",1932.76
"4178",1932.77
"4179",1932.78
"4180",1932.79
"4181",1932.8
"4182",1932.81
"4183",1932.82
"4184",1932.83
"4185",1932.84
"4186",1932.85
"4187",1932.86
"4188",1932.87
"4189",1932.88
"4190",1932.89
"4191",1932.9
"4192",1932.91
"4193",1932.92
"4194",1932.93
"4195",1932.94
"4196",1932.95
"4197",1932.96
"4198",1932.97
"4199",1932.98
"4200",1932.99
"4201",1933
"4202",1933.01
"4203",1933.02
"4204",1933.03
"4205",1933.04
"4206",1933.05
"4207",1933.06
"4208",1933.07
"4209",1933.08
"4210",1933.09
"4211",1933.1
"4212",1933.11
"4213",1933.12
"4214",1933.13
"4215",1933.14
"4216",1933.15
"4217",1933.16
"4218",1933.17
"4219",1933.18
"4220",1933.19
"4221",1933.2
"4222",1933.21
"4223",1933.22
"4224",1933.23
"4225",1933.24
"4226",1933.25
"4227",1933.26
"4228",1933.27
"4229",1933.28
"4230",1933.29
"4231",1933.3
"4232",1933.31
"4233",1933.32
"4234",1933.33
"4235",1933.34
"4236",1933.35
"4237",1933.36
"4238",1933.37
"4239",1933.38
"4240",1933.39
"4241",1933.4
"4242",1933.41
"4243",1933.42
"4244",1933.43
"4245",1933.44
"4246",1933.45
"4247",1933.46
"4248",1933.47
"4249",1933.48
"4250",1933.49
"4251",1933.5
"4252",1933.51
"4253",1933.52
"4254",1933.53
"4255",1933.54
"4256",1933.55
"4257",1933.56
"4258",1933.57
"4259",1933.58
"4260",1933.59
"4261",1933.6
"4262",1933.61
"4263",1933.62
"4264",1933.63
"4265",1933.64
"4266",1933.65
"4267",1933.66
"4268",1933.67
"4269",1933.68
"4270",1933.69
"4271",1933.7
"4272",1933.71
"4273",1933.72
"4274",1933.73
"4275",1933.74
"4276",1933.75
"4277",1933.76
"4278",1933.77
"4279",1933.78
"4280",1933.79
"4281",1933.8
"4282",1933.81
"4283",1933.82
"4284",1933.83
"4285",1933.84
"4286",1933.85
"4287",1933.86
"4288",1933.87
"4289",1933.88
"4290",1933.89
"4291",1933.9
"4292",1933.91
"4293",1933.92
"4294",1933.93
"4295",1933.94
"4296",1933.95
"4297",1933.96
"4298",1933.97
"4299",1933.98
"4300",1933.99
"4301",1934
"4302",1934.01
"4303",1934.02
"4304",1934.03
"4305",1934.04
"4306",1934.05
"4307",1934.06
"4308",1934.07
"4309",1934.08
"4310",1934.09
"4311",1934.1
"4312",1934.11
"4313",1934.12
"4314",1934.13
"4315",1934.14
"4316",1934.15
"4317",1934.16
"4318",1934.17
"4319",1934.18
"4320",1934.19
"4321",1934.2
"4322",1934.21
"4323",1934.22
"4324",1934.23
"4325",1934.24
"4326",1934.25
"4327",1934.26
"4328",1934.27
"4329",1934.28
"4330",1934.29
"4331",1934.3
"4332",1934.31
"4333",1934.32
"4334",1934.33
"4335",1934.34
"4336",1934.35
"4337",1934.36
"4338",1934.37
"4339",1934.38
"4340",1934.39
"4341",1934.4
"4342",1934.41
"4343",1934.42
"4344",1934.43
"4345",1934.44
"4346",1934.45
"4347",1934.46
"4348",1934.47
"4349",1934.48
"4350",1934.49
"4351",1934.5
"4352",1934.51
"4353",1934.52
"4354",1934.53
"4355",1934.54
"4356",1934.55
"4357",1934.56
"4358",1934.57
"4359",1934.58
"4360",1934.59
"4361",1934.6
"4362",1934.61
"4363",1934.62
"4364",1934.63
"4365",1934.64
"4366",1934.65
"4367",1934.66
"4368",1934.67
"4369",1934.68
"4370",1934.69
"4371",1934.7
"4372",1934.71
"4373",1934.72
"4374",1934.73
"4375",1934.74
"4376",1934.75
"4377",1934.76
"4378",1934.77
"4379",1934.78
"4380",1934.79
"4381",1934.8
"4382",1934.81
"4383",1934.82
"4384",1934.83
"4385",1934.84
"4386",1934.85
"4387",1934.86
"4388",1934.87
"4389",1934.88
"4390",1934.89
"4391",1934.9
"4392",1934.91
"4393",1934.92
"4394",1934.93
"4395",1934.94
"4396",1934.95
"4397",1934.96
"4398",1934.97
"4399",1934.98
"4400",1934.99
"4401",1935
"4402",1935.01
"4403",1935.02
"4404",1935.03
"4405",1935.04
"4406",1935.05
"4407",1935.06
"4408",1935.07
"4409",1935.08
"4410",1935.09
"4411",1935.1
"4412",1935.11
"4413",1935.12
"4414",1935.13
"4415",1935.14
"4416",1935.15
"4417",1935.16
"4418",1935.17
"4419",1935.18
"4420",1935.19
"4421",1935.2
"4422",1935.21
"4423",1935.22
"4424",1935.23
"4425",1935.24
"4426",1935.25
"4427",1935.26
"4428",1935.27
"4429",1935.28
"4430",1935.29
"4431",1935.3
"4432",1935.31
"4433",1935.32
"4434",1935.33
"4435",1935.34
"4436",1935.35
"4437",1935.36
"4438",1935.37
"4439",1935.38
"4440",1935.39
"4441",1935.4
"4442",1935.41
"4443",1935.42
"4444",1935.43
"4445",1935.44
"4446",1935.45
"4447",1935.46
"4448",1935.47
"4449",1935.48
"4450",1935.49
"4451",1935.5
"4452",1935.51
"4453",1935.52
"4454",1935.53
"4455",1935.54
"4456",1935.55
"4457",1935.56
"4458",1935.57
"4459",1935.58
"4460",1935.59
"4461",1935.6
"4462",1935.61
"4463",1935.62
"4464",1935.63
"4465",1935.64
"4466",1935.65
"4467",1935.66
"4468",1935.67
"4469",1935.68
"4470",1935.69
"4471",1935.7
"4472",1935.71
"4473",1935.72
"4474",1935.73
"4475",1935.74
"4476",1935.75
"4477",1935.76
"4478",1935.77
"4479",1935.78
"4480",1935.79
"4481",1935.8
"4482",1935.81
"4483",1935.82
"4484",1935.83
"4485",1935.84
"4486",1935.85
"4487",1935.86
"4488",1935.87
"4489",1935.88
"4490",1935.89
"4491",1935.9
"4492",1935.91
"4493",1935.92
"4494",1935.93
"4495",1935.94
"4496",1935.95
"4497",1935.96
"4498",1935.97
"4499",1935.98
"4500",1935.99
"4501",1936
"4502",1936.01
"4503",1936.02
"4504",1936.03
"4505",1936.04
"4506",1936.05
"4507",1936.06
"4508",1936.07
"4509",1936.08
"4510",1936.09
"4511",1936.1
"4512",1936.11
"4513",1936.12
"4514",1936.13
"4515",1936.14
"4516",1936.15
"4517",1936.16
"4518",1936.17
"4519",1936.18
"4520",1936.19
"4521",1936.2
"4522",1936.21
"4523",1936.22
"4524",1936.23
"4525",1936.24
"4526",1936.25
"4527",1936.26
"4528",1936.27
"4529",1936.28
"4530",1936.29
"4531",1936.3
"4532",1936.31
"4533",1936.32
"4534",1936.33
"4535",1936.34
"4536",1936.35
"4537",1936.36
"4538",1936.37
"4539",1936.38
"4540",1936.39
"4541",1936.4
"4542",1936.41
"4543",1936.42
"4544",1936.43
"4545",1936.44
"4546",1936.45
"4547",1936.46
"4548",1936.47
"4549",1936.48
"4550",1936.49
"4551",1936.5
"4552",1936.51
"4553",1936.52
"4554",1936.53
"4555",1936.54
"4556",1936.55
"4557",1936.56
"4558",1936.57
"4559",1936.58
"4560",1936.59
"4561",1936.6
"4562",1936.61
"4563",1936.62
"4564",1936.63
"4565",1936.64
"4566",1936.65
"4567",1936.66
"4568",1936.67
"4569",1936.68
"4570",1936.69
"4571",1936.7
"4572",1936.71
"4573",1936.72
"4574",1936.73
"4575",1936.74
"4576",1936.75
"4577",1936.76
"4578",1936.77
"4579",1936.78
"4580",1936.79
"4581",1936.8
"4582",1936.81
"4583",1936.82
"4584",1936.83
"4585",1936.84
"4586",1936.85
"4587",1936.86
"4588",1936.87
"4589",1936.88
"4590",1936.89
"4591",1936.9
"4592",1936.91
"4593",1936.92
"4594",1936.93
"4595",1936.94
"4596",1936.95
"4597",1936.96
"4598",1936.97
"4599",1936.98
"4600",1936.99
"4601",1937
"4602",1937.01
"4603",1937.02
"4604",1937.03
"4605",1937.04
"4606",1937.05
"4607",1937.06
"4608",1937.07
"4609",1937.08
"4610",1937.09
"4611",1937.1
"4612",1937.11
"4613",1937.12
"4614",1937.13
"4615",1937.14
"4616",1937.15
"4617",1937.16
"4618",1937.17
"4619",1937.18
"4620",1937.19
"4621",1937.2
"4622",1937.21
"4623",1937.22
"4624",1937.23
"4625",1937.24
"4626",1937.25
"4627",1937.26
"4628",1937.27
"4629",1937.28
"4630",1937.29
"4631",1937.3
"4632",1937.31
"4633",1937.32
"4634",1937.33
"4635",1937.34
"4636",1937.35
"4637",1937.36
"4638",1937.37
"4639",1937.38
"4640",1937.39
"4641",1937.4
"4642",1937.41
"4643",1937.42
"4644",1937.43
"4645",1937.44
"4646",1937.45
"4647",1937.46
"4648",1937.47
"4649",1937.48
"4650",1937.49
"4651",1937.5
"4652",1937.51
"4653",1937.52
"4654",1937.53
"4655",1937.54
"4656",1937.55
"4657",1937.56
"4658",1937.57
"4659",1937.58
"4660",1937.59
"4661",1937.6
"4662",1937.61
"4663",1937.62
"4664",1937.63
"4665",1937.64
"4666",1937.65
"4667",1937.66
"4668",1937.67
"4669",1937.68
"4670",1937.69
"4671",1937.7
"4672",1937.71
"4673",1937.72
"4674",1937.73
"4675",1937.74
"4676",1937.75
"4677",1937.76
"4678",1937.77
"4679",1937.78
"4680",1937.79
"4681",1937.8
"4682",1937.81
"4683",1937.82
"4684",1937.83
"4685",1937.84
"4686",1937.85
"4687",1937.86
"4688",1937.87
"4689",1937.88
"4690",1937.89
"4691",1937.9
"4692",1937.91
"4693",1937.92
"4694",1937.93
"4695",1937.94
"4696",1937.95
"4697",1937.96
"4698",1937.97
"4699",1937.98
"4700",1937.99
"4701",1938
"4702",1938.01
"4703",1938.02
"4704",1938.03
"4705",1938.04
"4706",1938.05
"4707",1938.06
"4708",1938.07
"4709",1938.08
"4710",1938.09
"4711",1938.1
"4712",1938.11
"4713",1938.12
"4714",1938.13
"4715",1938.14
"4716",1938.15
"4717",1938.16
"4718",1938.17
"4719",1938.18
"4720",1938.19
"4721",1938.2
"4722",1938.21
"4723",1938.22
"4724",1938.23
"4725",1938.24
"4726",1938.25
"4727",1938.26
"4728",1938.27
"4729",1938.28
"4730",1938.29
"4731",1938.3
"4732",1938.31
"4733",1938.32
"4734",1938.33
"4735",1938.34
"4736",1938.35
"4737",1938.36
"4738",1938.37
"4739",1938.38
"4740",1938.39
"4741",1938.4
"4742",1938.41
"4743",1938.42
"4744",1938.43
"4745",1938.44
"4746",1938.45
"4747",1938.46
"4748",1938.47
"4749",1938.48
"4750",1938.49
"4751",1938.5
"4752",1938.51
"4753",1938.52
"4754",1938.53
"4755",1938.54
"4756",1938.55
"4757",1938.56
"4758",1938.57
"4759",1938.58
"4760",1938.59
"4761",1938.6
"4762",1938.61
"4763",1938.62
"4764",1938.63
"4765",1938.64
"4766",1938.65
"4767",1938.66
"4768",1938.67
"4769",1938.68
"4770",1938.69
"4771",1938.7
"4772",1938.71
"4773",1938.72
"4774",1938.73
"4775",1938.74
"4776",1938.75
"4777",1938.76
"4778",1938.77
"4779",1938.78
"4780",1938.79
"4781",1938.8
"4782",1938.81
"4783",1938.82
"4784",1938.83
"4785",1938.84
"4786",1938.85
"4787",1938.86
"4788",1938.87
"4789",1938.88
"4790",1938.89
"4791",1938.9
"4792",1938.91
"4793",1938.92
"4794",1938.93
"4795",1938.94
"4796",1938.95
"4797",1938.96
"4798",1938.97
"4799",1938.98
"4800",1938.99
"4801",1939
"4802",1939.01
"4803",1939.02
"4804",1939.03
"4805",1939.04
"4806",1939.05
"4807",1939.06
"4808",1939.07
"4809",1939.08
"4810",1939.09
"4811",1939.1
"4812",1939.11
"4813",1939.12
"4814",1939.13
"4815",1939.14
"4816",1939.15
"4817",1939.16
"4818",1939.17
"4819",1939.18
"4820",1939.19
"4821",1939.2
"4822",1939.21
"4823",1939.22
"4824",1939.23
"4825",1939.24
"4826",1939.25
"4827",1939.26
"4828",1939.27
"4829",1939.28
"4830",1939.29
"4831",1939.3
"4832",1939.31
"4833",1939.32
"4834",1939.33
"4835",1939.34
"4836",1939.35
"4837",1939.36
"4838",1939.37
"4839",1939.38
"4840",1939.39
"4841",1939.4
"4842",1939.41
"4843",1939.42
"4844",1939.43
"4845",1939.44
"4846",1939.45
"4847",1939.46
"4848",1939.47
"4849",1939.48
"4850",1939.49
"4851",1939.5
"4852",1939.51
"4853",1939.52
"4854",1939.53
"4855",1939.54
"4856",1939.55
"4857",1939.56
"4858",1939.57
"4859",1939.58
"4860",1939.59
"4861",1939.6
"4862",1939.61
"4863",1939.62
"4864",1939.63
"4865",1939.64
"4866",1939.65
"4867",1939.66
"4868",1939.67
"4869",1939.68
"4870",1939.69
"4871",1939.7
"4872",1939.71
"4873",1939.72
"4874",1939.73
"4875",1939.74
"4876",1939.75
"4877",1939.76
"4878",1939.77
"4879",1939.78
"4880",1939.79
"4881",1939.8
"4882",1939.81
"4883",1939.82
"4884",1939.83
"4885",1939.84
"4886",1939.85
"4887",1939.86
"4888",1939.87
"4889",1939.88
"4890",1939.89
"4891",1939.9
"4892",1939.91
"4893",1939.92
"4894",1939.93
"4895",1939.94
"4896",1939.95
"4897",1939.96
"4898",1939.97
"4899",1939.98
"4900",1939.99
"4901",1940
"4902",1940.01
"4903",1940.02
"4904",1940.03
"4905",1940.04
"4906",1940.05
"4907",1940.06
"4908",1940.07
"4909",1940.08
"4910",1940.09
"4911",1940.1
"4912",1940.11
"4913",1940.12
"4914",1940.13
"4915",1940.14
"4916",1940.15
"4917",1940.16
"4918",1940.17
"4919",1940.18
"4920",1940.19
"4921",1940.2
"4922",1940.21
"4923",1940.22
"4924",1940.23
"4925",1940.24
"4926",1940.25
"4927",1940.26
"4928",1940.27
"4929",1940.28
"4930",1940.29
"4931",1940.3
"4932",1940.31
"4933",1940.32
"4934",1940.33
"4935",1940.34
"4936",1940.35
"4937",1940.36
"4938",1940.37
"4939",1940.38
"4940",1940.39
"4941",1940.4
"4942",1940.41
"4943",1940.42
"4944",1940.43
"4945",1940.44
"4946",1940.45
"4947",1940.46
"4948",1940.47
"4949",1940.48
"4950",1940.49
"4951",1940.5
"4952",1940.51
"4953",1940.52
"4954",1940.53
"4955",1940.54
"4956",1940.55
"4957",1940.56
"4958",1940.57
"4959",1940.58
"4960",1940.59
"4961",1940.6
"4962",1940.61
"4963",1940.62
"4964",1940.63
"4965",1940.64
"4966",1940.65
"4967",1940.66
"4968",1940.67
"4969",1940.68
"4970",1940.69
"4971",1940.7
"4972",1940.71
"4973",1940.72
"4974",1940.73
"4975",1940.74
"4976",1940.75
"4977",1940.76
"4978",1940.77
"4979",1940.78
"4980",1940.79
"4981",1940.8
"4982",1940.81
"4983",1940.82
"4984",1940.83
"4985",1940.84
"4986",1940.85
"4987",1940.86
"4988",1940.87
"4989",1940.88
"4990",1940.89
"4991",1940.9
"4992",1940.91
"4993",1940.92
"4994",1940.93
"4995",1940.94
"4996",1940.95
"4997",1940.96
"4998",1940.97
"4999",1940.98
"5000",1940.99
"5001",1941
"5002",1941.01
"5003",1941.02
"5004",1941.03
"5005",1941.04
"5006",1941.05
"5007",1941.06
"5008",1941.07
"5009",1941.08
"5010",1941.09
"5011",1941.1
"5012",1941.11
"5013",1941.12
"5014",1941.13
"5015",1941.14
"5016",1941.15
"5017",1941.16
